Bug ID,Project Name,Record ID,Author,Reported By,Keyword,URL,CommiteDate,ReportDate,lag,Source,Same,,,,,,,
45781,aros,eb56b10,ezrec,Steve Ellcey,environment,http://gcc.gnu.org/bugzilla/show_bug.cgi?id=45781,2013/6/3,2010/9/24,983,gcc,2,,,total,same,different,,
51969,aros,aac5b3d,ezrec,Markus Trippelsdorf,environment,http://gcc.gnu.org/bugzilla/show_bug.cgi?id=51969,2012/11/29,2012/1/23,311,gcc,2,,environment,5,0,5,,
44351,freebsd,89c1e83,arichardson,Alexander Richardson,wrong-code,https://bugs.llvm.org/show_bug.cgi?id=44351,2020/10/14,2019/12/19,300,llvm,1,,diagnostic,109,44,65,,
44351,freebsd,a31993f,Alex Richardson,Alexander Richardson,wrong-code,https://bugs.llvm.org/show_bug.cgi?id=44351,2020/10/14,2019/12/19,300,llvm,1,,wrong-code,172,69,103,,
66425,freebsd,5a8dc1c,arichardson,Not Found,diagnostic,https://gcc.gnu.org/bugzilla/show_bug.cgi?id=66425,2020/9/10,2015/6/5,1924,gcc,1,,crash,55,20,35,,
66425,freebsd,0a81de3,Alex Richardson,Not Found,diagnostic,https://gcc.gnu.org/bugzilla/show_bug.cgi?id=66425,2020/9/10,2015/6/5,1924,gcc,1,,optimization,67,39,28,,
47041,freebsd,2005f26,dim,Dimitry Andric,crash,https://bugs.llvm.org/show_bug.cgi?id=47041,2020/8/18,2020/8/7,11,llvm,1,,rejects-valid,124,29,95,,
47041,freebsd,987992b,Dimitry Andric,Dimitry Andric,crash,https://bugs.llvm.org/show_bug.cgi?id=47041,2020/8/18,2020/8/7,11,llvm,1,,documentation,5,1,4,,
47041,freebsd,5006722,dim,Dimitry Andric,crash,https://bugs.llvm.org/show_bug.cgi?id=47041,2020/8/18,2020/8/7,11,llvm,1,,,,,,,
47041,freebsd,30e9d23,Dimitry Andric,Dimitry Andric,crash,https://bugs.llvm.org/show_bug.cgi?id=47041,2020/8/18,2020/8/7,11,llvm,1,,,same,different,total,,
47041,freebsd,b70eba5,dim,Dimitry Andric,crash,https://bugs.llvm.org/show_bug.cgi?id=47041,2020/8/17,2020/8/7,10,llvm,1,,freebsd,55,60,115,0.47826087,
47041,freebsd,b4e0f67,Dimitry Andric,Dimitry Andric,crash,https://bugs.llvm.org/show_bug.cgi?id=47041,2020/8/17,2020/8/7,10,llvm,1,,linux,136,231,367,0.370572207,
47181,freebsd,a362d17,dim,Dimitry Andric,wrong-code,https://bugs.llvm.org/show_bug.cgi?id=47181,2020/8/16,2020/8/15,1,llvm,1,,zephyr,0,9,9,0,
47181,freebsd,9ff1cc5,Dimitry Andric,Dimitry Andric,wrong-code,https://bugs.llvm.org/show_bug.cgi?id=47181,2020/8/16,2020/8/15,1,llvm,1,,aros,0,2,2,0,
44715,freebsd,aac336d,dim,Dimitry Andric,wrong-code,https://bugs.llvm.org/show_bug.cgi?id=44715,2020/3/5,2020/1/30,35,llvm,1,,reactos,2,11,13,0.153846154,
44715,freebsd,a2037db,Dimitry Andric,Dimitry Andric,wrong-code,https://bugs.llvm.org/show_bug.cgi?id=44715,2020/3/5,2020/1/30,35,llvm,1,,serenity,5,9,14,0.357142857,
92718,freebsd,88eb44d,Ryan Libby,Ryan Libby,"diagnostic, optimization",https://gcc.gnu.org/bugzilla/show_bug.cgi?id=92718,2019/11/29,2019/11/28,1,gcc,1,,openbsd,1,9,10,0.1,
92718,freebsd,867c75c,rlibby,Ryan Libby,"diagnostic, optimization",https://gcc.gnu.org/bugzilla/show_bug.cgi?id=92718,2019/11/29,2019/11/28,1,gcc,1,,,199,331,530,0.375471698,
43402,freebsd,8b1412a,Dimitry Andric,Dimitry Andric,crash,https://bugs.llvm.org/show_bug.cgi?id=43402,2019/9/24,2019/9/23,1,llvm,1,,,,,,,
43402,freebsd,3538987,dim,Dimitry Andric,crash,https://bugs.llvm.org/show_bug.cgi?id=43402,2019/9/24,2019/9/23,1,llvm,1,,,fix time,create,,,
43269,freebsd,ceb1981,Dimitry Andric,Dimitry Andric,wrong-code,https://bugs.llvm.org/show_bug.cgi?id=43269,2019/9/14,2019/9/10,4,llvm,1,,freebsd,468.7304348,2011/9/5,,,
43269,freebsd,24b1a5b,dim,Dimitry Andric,wrong-code,https://bugs.llvm.org/show_bug.cgi?id=43269,2019/9/14,2019/9/10,4,llvm,1,,linux,647.9182561,2011/9/4,,,
41121,freebsd,211f2e5,Dimitry Andric,Dimitry Andric,wrong-code,https://bugs.llvm.org/show_bug.cgi?id=41121,2019/9/7,2019/3/18,173,llvm,1,,zephyr,2440.111111,2016/5/26,,,
41121,freebsd,b7e6cfc,dim,Dimitry Andric,wrong-code,https://bugs.llvm.org/show_bug.cgi?id=41121,2019/9/7,2019/3/18,173,llvm,1,,aros,647,2019/5/17,,,
43212,freebsd,24ea146,Dimitry Andric,Dimitry Andric,wrong-code,https://bugs.llvm.org/show_bug.cgi?id=43212,2019/9/6,2019/9/3,3,llvm,1,,reactos,796.6153846,2017/10/3,,,
43212,freebsd,2291b00,dim,Dimitry Andric,wrong-code,https://bugs.llvm.org/show_bug.cgi?id=43212,2019/9/6,2019/9/3,3,llvm,1,,serenity,444.9285714,2018/12/2,,,
43119,freebsd,4b3b82a,Kyle Evans,Kyle Evans,rejects-valid,https://bugs.llvm.org/show_bug.cgi?id=43119,2019/9/2,2019/8/26,7,llvm,1,,openbsd,1324.3,2016/8/30,,,
43119,freebsd,6bddb14,kevans,Kyle Evans,rejects-valid,https://bugs.llvm.org/show_bug.cgi?id=43119,2019/9/2,2019/8/26,7,llvm,1,,,,,,,
41998,freebsd,d80439b,Dimitry Andric,Dimitry Andric,wrong-code,https://bugs.llvm.org/show_bug.cgi?id=41998,2019/7/2,2019/5/23,40,llvm,1,,,,,,,
41998,freebsd,ec796a0,dim,Dimitry Andric,wrong-code,https://bugs.llvm.org/show_bug.cgi?id=41998,2019/7/2,2019/5/23,40,llvm,1,,,,,,,
42010,freebsd,0b30b98,Dimitry Andric,Dimitry Andric,crash,https://bugs.llvm.org/show_bug.cgi?id=42010,2019/5/26,2019/5/24,2,llvm,1,,,,,,,
42010,freebsd,b9ba849,dim,Dimitry Andric,crash,https://bugs.llvm.org/show_bug.cgi?id=42010,2019/5/26,2019/5/24,2,llvm,1,,Kernel,commit,commit-compiler bug,LOC,create-time,AMR
41417,freebsd,6889af8,Dimitry Andric,Dimitry Andric,wrong-code,https://bugs.llvm.org/show_bug.cgi?id=41417,2019/5/8,2019/4/7,31,llvm,1,,freebsd,109,115,21.44,2011/9/5,0.47826087
41417,freebsd,5446f43,dim,Dimitry Andric,wrong-code,https://bugs.llvm.org/show_bug.cgi?id=41417,2019/5/8,2019/4/7,31,llvm,1,,linux,340,367,28.29,2011/9/4,0.370572207
41116,freebsd,94e9dcf,Dimitry Andric,Dimitry Andric,wrong-code,https://bugs.llvm.org/show_bug.cgi?id=41116,2019/3/23,2019/3/17,6,llvm,1,,zephyr,9,9,2.67,2016/5/26,0
41116,freebsd,91e6811,dim,Dimitry Andric,wrong-code,https://bugs.llvm.org/show_bug.cgi?id=41116,2019/3/23,2019/3/17,6,llvm,1,,aros,2,2,2.67,2019/5/17,0
40986,freebsd,e6ec44c,Dimitry Andric,Dimitry Andric,optimization,https://bugs.llvm.org/show_bug.cgi?id=40986,2019/3/12,2019/3/6,6,llvm,1,,reactos,11,13,8.77,2017/10/3,0.153846154
40986,freebsd,d64d00c,dim,Dimitry Andric,optimization,https://bugs.llvm.org/show_bug.cgi?id=40986,2019/3/12,2019/3/6,6,llvm,1,,serenity,13,14,1.15,2018/12/2,0.357142857
40206,freebsd,c232a6c,Dimitry Andric,Dimitry Andric,wrong-code,https://bugs.llvm.org/show_bug.cgi?id=40206,2019/2/10,2019/1/2,39,llvm,1,,openbsd,10,10,22.56,2016/8/30,0.1
40206,freebsd,b11436d,dim,Dimitry Andric,wrong-code,https://bugs.llvm.org/show_bug.cgi?id=40206,2019/2/10,2019/1/2,39,llvm,1,,total,494,530,87.55,,0.375471698
40206,freebsd,bc8fc00,Dimitry Andric,Dimitry Andric,wrong-code,https://bugs.llvm.org/show_bug.cgi?id=40206,2019/2/9,2019/1/2,38,llvm,1,,,,,,,
40206,freebsd,8eb3289,dim,Dimitry Andric,wrong-code,https://bugs.llvm.org/show_bug.cgi?id=40206,2019/2/9,2019/1/2,38,llvm,1,,,,,,,
40206,freebsd,94ba333,Dimitry Andric,Dimitry Andric,wrong-code,https://bugs.llvm.org/show_bug.cgi?id=40206,2019/2/9,2019/1/2,38,llvm,1,,,,,,,
40206,freebsd,3a3bb53,dim,Dimitry Andric,wrong-code,https://bugs.llvm.org/show_bug.cgi?id=40206,2019/2/9,2019/1/2,38,llvm,1,,,,,,,
37133,freebsd,6ec30ab,Dimitry Andric,Dimitry Andric,crash,https://bugs.llvm.org/show_bug.cgi?id=37133,2018/4/14,2018/4/14,0,llvm,1,,,,,,,
37133,freebsd,5a917c0,dim,Dimitry Andric,crash,https://bugs.llvm.org/show_bug.cgi?id=37133,2018/4/14,2018/4/14,0,llvm,1,,,,,,,
36116,freebsd,186720,dim,Dimitry Andric,crash,https://bugs.llvm.org/show_bug.cgi?id=36116,2018/3/17,2018/1/26,50,llvm,1,,,,,,,
36116,freebsd,077d36a,Dimitry Andric,Dimitry Andric,crash,https://bugs.llvm.org/show_bug.cgi?id=36116,2018/3/17,2018/1/26,50,llvm,1,,,,,,,
36577,freebsd,14bd370,dim,Dimitry Andric,optimization,https://bugs.llvm.org/show_bug.cgi?id=36577,2018/3/9,2018/3/2,7,llvm,1,,,,,,,
36577,freebsd,a3fedce,Dimitry Andric,Dimitry Andric,optimization,https://bugs.llvm.org/show_bug.cgi?id=36577,2018/3/9,2018/3/2,7,llvm,1,,,,,,,
35788,freebsd,144a105,dim,Dimitry Andric,optimization,https://bugs.llvm.org/show_bug.cgi?id=35788,2018/1/10,2018/1/1,9,llvm,1,,,,,,,
35788,freebsd,18a7633,Dimitry Andric,Dimitry Andric,optimization,https://bugs.llvm.org/show_bug.cgi?id=35788,2018/1/10,2018/1/1,9,llvm,1,,,,,,,
35749,freebsd,5d163b0,dim,Dimitry Andric,wrong-code,https://bugs.llvm.org/show_bug.cgi?id=35749,2017/12/29,2017/12/26,3,llvm,1,,,,,,,
35749,freebsd,2055323,Dimitry Andric,Dimitry Andric,wrong-code,https://bugs.llvm.org/show_bug.cgi?id=35749,2017/12/29,2017/12/26,3,llvm,1,,,,,,,
32142,freebsd,04dc31b,dim,Dimitry Andric,optimization,https://bugs.llvm.org/show_bug.cgi?id=32142,2017/3/6,2017/3/5,1,llvm,1,,,,,,,
32142,freebsd,d754696,Dimitry Andric,Dimitry Andric,optimization,https://bugs.llvm.org/show_bug.cgi?id=32142,2017/3/6,2017/3/5,1,llvm,1,,,,,,,
67888,freebsd,1bb3c00,rodrigc,Craig Rodrigues,rejects-valid,https://gcc.gnu.org/bugzilla/show_bug.cgi?id=67888,2015/10/8,2015/10/8,0,gcc,1,,,,,,,
67888,freebsd,4c92141,Craig Rodrigues,Craig Rodrigues,rejects-valid,https://gcc.gnu.org/bugzilla/show_bug.cgi?id=67888,2015/10/8,2015/10/8,0,gcc,1,,,,,,,
44511,freebsd,f32e563,rlibby,Richard Kettlewell,diagnostic,https://gcc.gnu.org/bugzilla/show_bug.cgi?id=44511,2020/12/12,2010/6/13,3835,gcc,2,,,,,,,
44511,freebsd,6d75905,Ryan Libby,Richard Kettlewell,diagnostic,https://gcc.gnu.org/bugzilla/show_bug.cgi?id=44511,2020/12/12,2010/6/13,3835,gcc,2,,,,,,,
47660,freebsd,9f897bf,dim,Piotr Kubaj,crash,https://bugs.llvm.org/show_bug.cgi?id=47660,2020/11/8,2020/9/27,42,llvm,2,,,,,,,
47660,freebsd,1ee2434,Dimitry Andric,Piotr Kubaj,crash,https://bugs.llvm.org/show_bug.cgi?id=47660,2020/11/8,2020/9/27,42,llvm,2,,,,,,,
43976,freebsd,dd5d004,dim,Piotr Kubaj,crash,https://bugs.llvm.org/show_bug.cgi?id=43976,2020/4/21,2019/11/12,161,llvm,2,,,,,,,
43976,freebsd,5c94a87,Dimitry Andric,Piotr Kubaj,crash,https://bugs.llvm.org/show_bug.cgi?id=43976,2020/4/21,2019/11/12,161,llvm,2,,,,,,,
40554,freebsd,6f7003b,dim,George Koehler,wrong-code,https://bugs.llvm.org/show_bug.cgi?id=40554,2020/4/16,2019/1/31,441,llvm,2,,,,,,,
45186,freebsd,6f7003b,dim,Brandon Bergren,crash,https://bugs.llvm.org/show_bug.cgi?id=45186,2020/4/16,2020/3/12,35,llvm,2,,,,,,,
40554,freebsd,f64e2fa,Dimitry Andric,George Koehler,wrong-code,https://bugs.llvm.org/show_bug.cgi?id=40554,2020/4/16,2019/1/31,441,llvm,2,,,,,,,
45186,freebsd,f64e2fa,Dimitry Andric,Brandon Bergren,crash,https://bugs.llvm.org/show_bug.cgi?id=45186,2020/4/16,2020/3/12,35,llvm,2,,,,,,,
41083,freebsd,72724ec,dim,Sam Parker,wrong-code,https://bugs.llvm.org/show_bug.cgi?id=41083,2020/3/19,2019/3/15,370,llvm,2,,,,,,,
41083,freebsd,e39dad6,Dimitry Andric,Sam Parker,wrong-code,https://bugs.llvm.org/show_bug.cgi?id=41083,2020/3/19,2019/3/15,370,llvm,2,,,,,,,
43839,freebsd,146b3c6,dim,Caroline Tice,crash,https://bugs.llvm.org/show_bug.cgi?id=43839,2020/3/7,2019/10/29,130,llvm,2,,,,,,,
43839,freebsd,fc7efa1,Dimitry Andric,Caroline Tice,crash,https://bugs.llvm.org/show_bug.cgi?id=43839,2020/3/7,2019/10/29,130,llvm,2,,,,,,,
44396,freebsd,2a168f0,Dimitry Andric,Yuri,crash,https://bugs.llvm.org/show_bug.cgi?id=44396,2020/1/2,2019/12/28,5,llvm,2,,,,,,,
44396,freebsd,4599184,dim,Yuri,crash,https://bugs.llvm.org/show_bug.cgi?id=44396,2020/1/2,2019/12/28,5,llvm,2,,,,,,,
43121,freebsd,211f2e5,Dimitry Andric,Arnd Bergmann,wrong-code,https://bugs.llvm.org/show_bug.cgi?id=43121,2019/9/7,2019/8/27,11,llvm,2,,,,,,,
43121,freebsd,b7e6cfc,dim,Arnd Bergmann,wrong-code,https://bugs.llvm.org/show_bug.cgi?id=43121,2019/9/7,2019/8/27,11,llvm,2,,,,,,,
31181,freebsd,d80439b,Dimitry Andric,Zhendong Su,wrong-code,https://bugs.llvm.org/show_bug.cgi?id=31181,2019/7/2,2016/11/28,946,llvm,2,,,,,,,
31181,freebsd,ec796a0,dim,Zhendong Su,wrong-code,https://bugs.llvm.org/show_bug.cgi?id=31181,2019/7/2,2016/11/28,946,llvm,2,,,,,,,
40712,freebsd,381ab04,Dimitry Andric,Richard Smith,diagnostic,https://bugs.llvm.org/show_bug.cgi?id=40712,2019/2/14,2019/2/12,2,llvm,2,,,,,,,
40712,freebsd,844d2d3,dim,Richard Smith,diagnostic,https://bugs.llvm.org/show_bug.cgi?id=40712,2019/2/14,2019/2/12,2,llvm,2,,,,,,,
38530,freebsd,54553da,Dimitry Andric,Martin Storsjö,wrong-code,https://bugs.llvm.org/show_bug.cgi?id=38530,2019/2/13,2018/8/11,186,llvm,2,,,,,,,
38530,freebsd,cd43497,dim,Martin Storsjö,wrong-code,https://bugs.llvm.org/show_bug.cgi?id=38530,2019/2/13,2018/8/11,186,llvm,2,,,,,,,
37538,freebsd,b371a9f,Ed Maste,George Rimar,wrong-code,https://bugs.llvm.org/show_bug.cgi?id=37538,2018/10/11,2018/5/21,143,llvm,2,,,,,,,
37538,freebsd,22612b4,emaste,George Rimar,wrong-code,https://bugs.llvm.org/show_bug.cgi?id=37538,2018/10/11,2018/5/21,143,llvm,2,,,,,,,
38798,freebsd,f545058,Dimitry Andric,Yuri,optimization,https://bugs.llvm.org/show_bug.cgi?id=38798,2018/9/16,2018/8/31,16,llvm,2,,,,,,,
38798,freebsd,2430a7e,dim,Yuri,optimization,https://bugs.llvm.org/show_bug.cgi?id=38798,2018/9/16,2018/8/31,16,llvm,2,,,,,,,
34347,freebsd,af5b964,Dimitry Andric,Wei Mi,wrong-code,https://bugs.llvm.org/show_bug.cgi?id=34347,2018/8/18,2017/8/28,355,llvm,2,,,,,,,
34347,freebsd,ef28bd8,dim,Wei Mi,wrong-code,https://bugs.llvm.org/show_bug.cgi?id=34347,2018/8/18,2017/8/28,355,llvm,2,,,,,,,
36432,freebsd,a0e8aab,Dimitry Andric,Anders Kaseorg,"diagnostic, rejects-valid",https://gcc.gnu.org/bugzilla/show_bug.cgi?id=36432,2018/6/11,2008/6/4,3659,gcc,2,,,,,,,
36432,freebsd,4b1911f,dim,Anders Kaseorg,"diagnostic, rejects-valid",https://gcc.gnu.org/bugzilla/show_bug.cgi?id=36432,2018/6/11,2008/6/4,3659,gcc,2,,,,,,,
83201,freebsd,6609261,Konstantin Belousov,Pat Haugen,wrong-code,https://gcc.gnu.org/bugzilla/show_bug.cgi?id=83201,2018/6/11,2017/11/28,195,gcc,2,,,,,,,
83201,freebsd,26c8a03,kib,Pat Haugen,wrong-code,https://gcc.gnu.org/bugzilla/show_bug.cgi?id=83201,2018/6/11,2017/11/28,195,gcc,2,,,,,,,
35724,freebsd,c85e8ae,dim,Alex Lorenz,crash,https://bugs.llvm.org/show_bug.cgi?id=35724,2018/3/17,2017/12/21,86,llvm,2,,,,,,,
35724,freebsd,bf22ec6,Dimitry Andric,Alex Lorenz,crash,https://bugs.llvm.org/show_bug.cgi?id=35724,2018/3/17,2017/12/21,86,llvm,2,,,,,,,
24239,freebsd,5a559c7,jhibbits,Daniel Villeneuve,diagnostic,https://gcc.gnu.org/bugzilla/show_bug.cgi?id=24239,2018/2/11,2005/10/6,4511,gcc,2,,,,,,,
24239,freebsd,e4803b1,Justin Hibbits,Daniel Villeneuve,diagnostic,https://gcc.gnu.org/bugzilla/show_bug.cgi?id=24239,2018/2/11,2005/10/6,4511,gcc,2,,,,,,,
31362,freebsd,89a9f9b,dim,Not Found,wrong-code,https://bugs.llvm.org/show_bug.cgi?id=31362,2018/2/9,2016/12/13,423,llvm,2,,,,,,,
31362,freebsd,b1562cf,Dimitry Andric,Not Found,wrong-code,https://bugs.llvm.org/show_bug.cgi?id=31362,2018/2/9,2016/12/13,423,llvm,2,,,,,,,
31582,freebsd,5826cfa,emaste,Not Found,diagnostic,https://bugs.llvm.org/show_bug.cgi?id=31582,2017/12/5,2017/1/9,330,llvm,2,,,,,,,
31582,freebsd,a6aca65,Ed Maste,Not Found,diagnostic,https://bugs.llvm.org/show_bug.cgi?id=31582,2017/12/5,2017/1/9,330,llvm,2,,,,,,,
35023,freebsd,14adb10,mmel,Dimitry Andric,wrong-code,https://bugs.llvm.org/show_bug.cgi?id=35023,2017/11/27,2017/10/21,37,llvm,2,,,,,,,
35023,freebsd,30347b7,Michal Meloun,Dimitry Andric,wrong-code,https://bugs.llvm.org/show_bug.cgi?id=35023,2017/11/27,2017/10/21,37,llvm,2,,,,,,,
78968,freebsd,47616ff,kib,Hannes Hauswedell,rejects-valid,https://gcc.gnu.org/bugzilla/show_bug.cgi?id=78968,2017/1/8,2017/1/2,6,gcc,2,,,,,,,
78968,freebsd,b7c7684,Konstantin Belousov,Hannes Hauswedell,rejects-valid,https://gcc.gnu.org/bugzilla/show_bug.cgi?id=78968,2017/1/8,2017/1/2,6,gcc,2,,,,,,,
39219,freebsd,6976026,pfg,Martin Sebor,wrong-code,https://gcc.gnu.org/bugzilla/show_bug.cgi?id=39219,2015/10/12,2009/2/17,2428,gcc,2,,,,,,,
39219,freebsd,e277c15,Pedro F. Giffuni,Martin Sebor,wrong-code,https://gcc.gnu.org/bugzilla/show_bug.cgi?id=39219,2015/10/12,2009/2/17,2428,gcc,2,,,,,,,
48211,freebsd,76a5c6a,dim,Neuron Teckid,crash,https://gcc.gnu.org/bugzilla/show_bug.cgi?id=48211,2014/12/11,2011/3/20,1362,gcc,2,,,,,,,
48211,freebsd,bf1cd11,dim,Neuron Teckid,crash,https://gcc.gnu.org/bugzilla/show_bug.cgi?id=48211,2014/12/5,2011/3/20,1356,gcc,2,,,,,,,
48211,freebsd,b42a695,Dimitry Andric,Neuron Teckid,crash,https://gcc.gnu.org/bugzilla/show_bug.cgi?id=48211,2014/12/5,2011/3/20,1356,gcc,2,,,,,,,
33256,freebsd,b3f67be,Oleksandr Tymoshenko,Giuseppe Sacco,crash,http://gcc.gnu.org/bugzilla/show_bug.cgi?id=33256,2012/5/1,2007/8/31,1705,gcc,2,,,,,,,
33256,freebsd,e93013a,gonzo,Giuseppe Sacco,crash,http://gcc.gnu.org/bugzilla/show_bug.cgi?id=33256,2012/5/1,2007/8/31,1705,gcc,2,,,,,,,
35965,freebsd,3fcd159,fabient,Riku Voipio,wrong-code,http://gcc.gnu.org/bugzilla/show_bug.cgi?id=35965,2011/11/9,2008/4/17,1301,gcc,2,,,,,,,
35965,freebsd,da5a448,Fabien Thomas,Riku Voipio,wrong-code,http://gcc.gnu.org/bugzilla/show_bug.cgi?id=35965,2011/11/9,2008/4/17,1301,gcc,2,,,,,,,
31899,freebsd,062f7fc,bms,Not Found,crash,http://gcc.gnu.org/bugzilla/show_bug.cgi?id=31899,2009/7/22,2007/5/11,803,gcc,2,,,,,,,
31899,freebsd,f667763,Bruce M Simpson,Not Found,crash,http://gcc.gnu.org/bugzilla/show_bug.cgi?id=31899,2009/7/22,2007/5/11,803,gcc,2,,,,,,,
32500,freebsd,a099abc,ache,Ed Schouten,wrong-code,http://gcc.gnu.org/bugzilla/show_bug.cgi?id=32500,2007/6/27,2007/6/25,2,gcc,2,,,,,,,
32500,freebsd,3f5b2c2,Andrey A. Chernov,Ed Schouten,wrong-code,http://gcc.gnu.org/bugzilla/show_bug.cgi?id=32500,2007/6/27,2007/6/25,2,gcc,2,,,,,,,
99714,linux,aef25be,Nathan Chancellor,Nathan Chancellor,crash,https://github.com/llvm/llvm-project/issues/99714,2024/12/18,2024/7/20,151,llvm issues,1,,,,,,,
117912,linux,d938150,Yafang shao,Yafang Shao,wrong-code,https://gcc.gnu.org/bugzilla/show_bug.cgi?id=117912,2024/12/5,2024/12/4,1,gcc,1,,,,,,,
116912,linux,5b188cc,Sean Christopherson,Sean Christopherson,wrong-code,https://gcc.gnu.org/bugzilla/show_bug.cgi?id=116912,2024/11/5,2024/9/30,36,gcc,1,,,,,,,
85647,linux,9bf4e91,Nathan Chancellor,Nathan Chancellor,rejects-valid,https://github.com/llvm/llvm-project/issues/85647,2024/4/25,2024/3/18,38,llvm issues,1,,,,,,,
111736,linux,b6540de,Uros Bizjak,Uroš Bizjak,wrong-code,https://gcc.gnu.org/bugzilla/show_bug.cgi?id=111736,2024/3/25,2023/10/9,168,gcc,1,,,,,,,
113214,linux,90773aa,Arnd Bergmann,Arnd Bergmann,diagnostic,https://gcc.gnu.org/bugzilla/show_bug.cgi?id=113214,2024/2/8,2024/1/3,36,gcc,1,,,,,,,
113214,linux,774ef5d,Arnd Bergmann,Arnd Bergmann,diagnostic,https://gcc.gnu.org/bugzilla/show_bug.cgi?id=113214,2024/2/3,2024/1/3,31,gcc,1,,,,,,,
50505,linux,021d234,Wende Tan,Wende Tan,diagnostic,https://github.com/llvm/llvm-project/issues/50505,2024/1/23,2021/7/22,915,llvm issues,1,,,,,,,
111736,linux,e29aad0,Uros Bizjak,Uroš Bizjak,wrong-code,https://gcc.gnu.org/bugzilla/show_bug.cgi?id=111736,2023/10/11,2023/10/9,2,gcc,1,,,,,,,
64080,linux,ae7936d,Nick Desaulniers,Nick Desaulniers,rejects-valid,https://github.com/llvm/llvm-project/issues/64080,2023/8/16,2023/7/25,22,llvm issues,1,,,,,,,
110899,linux,7a0fd5e,Marco Elver,Marco Elver,optimization,https://gcc.gnu.org/bugzilla/show_bug.cgi?id=110899,2023/8/16,2023/8/4,12,gcc,1,,,,,,,
110743,linux,71c8f9c,Arnd Bergmann,Arnd Bergmann,diagnostic,https://gcc.gnu.org/bugzilla/show_bug.cgi?id=110743,2023/7/27,2023/7/19,8,gcc,1,,,,,,,
108896,linux,dd06e72,Kees Cook,Kees Cook,rejects-valid,https://gcc.gnu.org/bugzilla/show_bug.cgi?id=108896,2023/5/31,2023/2/22,98,gcc,1,,,,,,,
108370,linux,09e8c25,David Howells,dhowells@redhat.com,optimization,https://gcc.gnu.org/bugzilla/show_bug.cgi?id=108370,2023/5/24,2023/1/11,133,gcc,1,,,,,,,
108371,linux,09e8c25,David Howells,dhowells@redhat.com,optimization,https://gcc.gnu.org/bugzilla/show_bug.cgi?id=108371,2023/5/24,2023/1/11,133,gcc,1,,,,,,,
94722,linux,514ca14,ndesaulniers@google.com,Nick Desaulniers,diagnostic,https://gcc.gnu.org/bugzilla/show_bug.cgi?id=94722,2023/5/16,2020/4/22,1119,gcc,1,,,,,,,
61045,linux,1a2c73f,Jiaxun Yang,Jiaxun Yang,wrong-code,https://github.com/llvm/llvm-project/issues/61045,2023/3/1,2023/2/28,1,llvm issues,1,,,,,,,
108483,linux,2508708,Michael Karcher,Michael Karcher,diagnostic,https://gcc.gnu.org/bugzilla/show_bug.cgi?id=108483,2023/2/27,2023/1/20,38,gcc,1,,,,,,,
101832,linux,1a30a6b,Kees Cook,Kees Cook,rejects-valid,https://gcc.gnu.org/bugzilla/show_bug.cgi?id=101832,2023/2/16,2021/8/9,556,gcc,1,,,,,,,
60349,linux,78f7a3f,Eric Biggers,Eric Biggers,wrong-code,https://github.com/llvm/llvm-project/issues/60349,2023/2/9,2023/1/28,12,llvm issues,1,,,,,,,
108634,linux,5a6b64a,Sam James,Sam James,rejects-valid,https://gcc.gnu.org/bugzilla/show_bug.cgi?id=108634,2023/2/3,2023/2/1,2,gcc,1,,,,,,,
48894,linux,a2faac3,Nick Desaulniers,Nick Desaulniers,rejects-valid,https://bugs.llvm.org/show_bug.cgi?id=48894,2022/11/9,2021/1/26,652,llvm,1,,,,,,,
105679,linux,26117d9,Kees Cook,Kees Cook,diagnostic,https://gcc.gnu.org/bugzilla/show_bug.cgi?id=105679,2022/10/20,2022/5/21,152,gcc,1,,,,,,,
105679,linux,2577a58,Kees Cook,Kees Cook,diagnostic,https://gcc.gnu.org/bugzilla/show_bug.cgi?id=105679,2022/10/12,2022/5/21,144,gcc,1,,,,,,,
105679,linux,d174768,Kees Cook,Kees Cook,diagnostic,https://gcc.gnu.org/bugzilla/show_bug.cgi?id=105679,2022/10/11,2022/5/21,143,gcc,1,,,,,,,
105679,linux,aabf615,Kees Cook,Kees Cook,diagnostic,https://gcc.gnu.org/bugzilla/show_bug.cgi?id=105679,2022/10/7,2022/5/21,139,gcc,1,,,,,,,
105679,linux,4af609b,Kees Cook,Kees Cook,diagnostic,https://gcc.gnu.org/bugzilla/show_bug.cgi?id=105679,2022/10/7,2022/5/21,139,gcc,1,,,,,,,
101832,linux,54d9469,Kees Cook,Kees Cook,wrong-code,https://gcc.gnu.org/bugzilla/show_bug.cgi?id=101832,2022/9/8,2021/8/9,395,gcc,1,,,,,,,
57102,linux,b0839b2,Nick Desaulniers,Nick Desaulniers,diagnostic,https://github.com/llvm/llvm-project/issues/57102,2022/9/5,2022/8/12,24,llvm issues,1,,,,,,,
105930,linux,1d3551c,Linus Torvalds,Linus Torvalds,optimization,https://gcc.gnu.org/bugzilla/show_bug.cgi?id=105930,2022/8/11,2022/6/11,61,gcc,1,,,,,,,
56289,linux,e5d523f,Nick Desaulniers,Nick Desaulniers,wrong-code,https://github.com/llvm/llvm-project/issues/56289,2022/7/15,2022/6/30,15,llvm issues,1,,,,,,,
55411,linux,e9953b7,Heiko Carstens,Heiko Carstens,wrong-code,https://github.com/llvm/llvm-project/issues/55411,2022/5/17,2022/5/13,4,llvm issues,1,,,,,,,
105171,linux,c40160f,Jason A. Donenfeld,Jason A. Donenfeld,wrong-code,https://gcc.gnu.org/bugzilla/show_bug.cgi?id=105171,2022/4/13,2022/4/5,8,gcc,1,,,,,,,
53516,linux,281d0c9,Kees Cook,Kees Cook,wrong-code,https://github.com/llvm/llvm-project/issues/53516,2022/2/14,2022/2/1,13,llvm issues,1,,,,,,,
53516,linux,f0202b8,Kees Cook,Kees Cook,wrong-code,https://github.com/llvm/llvm-project/issues/53516,2022/2/14,2022/2/1,13,llvm issues,1,,,,,,,
103908,linux,b53823f,Mathieu Desnoyers,Mathieu Desnoyers,wrong-code,https://gcc.gnu.org/bugzilla/show_bug.cgi?id=103908,2022/2/2,2022/1/4,29,gcc,1,,,,,,,
45826,linux,ecb108e,Arnd Bergmann,Arnd Bergmann,rejects-valid,https://bugs.llvm.org/show_bug.cgi?id=45826,2021/10/25,2020/5/7,536,llvm,1,,,,,,,
94986,linux,ecb108e,Arnd Bergmann,Arnd Bergmann,diagnostic,https://gcc.gnu.org/bugzilla/show_bug.cgi?id=94986,2021/10/25,2020/5/7,536,gcc,1,,,,,,,
99578,linux,34186b4,Arnd Bergmann,Arnd Bergmann,diagnostic,https://gcc.gnu.org/bugzilla/show_bug.cgi?id=99578,2021/10/5,2021/3/13,206,gcc,1,,,,,,,
99673,linux,eb19efe,Arnd Bergmann,Arnd Bergmann,diagnostic,https://gcc.gnu.org/bugzilla/show_bug.cgi?id=99673,2021/9/28,2021/3/19,193,gcc,1,,,,,,,
97831,linux,5c34aea,Ian Rogers,Ian Rogers,optimization,https://gcc.gnu.org/bugzilla/show_bug.cgi?id=97831,2021/9/27,2020/11/14,317,gcc,1,,,,,,,
50322,linux,a52f8a5,Kees Cook,Kees Cook,rejects-valid,https://bugs.llvm.org/show_bug.cgi?id=50322,2021/9/25,2021/5/12,136,llvm,1,,,,,,,
101419,linux,69aa1de,Kees Cook,Kees Cook,wrong-code,https://gcc.gnu.org/bugzilla/show_bug.cgi?id=101419,2021/7/23,2021/7/11,12,gcc,1,,,,,,,
101419,linux,1d74a91,Kees Cook,Kees Cook,wrong-code,https://gcc.gnu.org/bugzilla/show_bug.cgi?id=101419,2021/7/22,2021/7/11,11,gcc,1,,,,,,,
49610,linux,51696f3,Nathan Chancellor,Nathan Chancellor,optimization,https://bugs.llvm.org/show_bug.cgi?id=49610,2021/6/22,2021/3/16,98,llvm,1,,,,,,,
49956,linux,2515dd6,Nick Desaulniers,Nick Desaulniers,rejects-valid,https://bugs.llvm.org/show_bug.cgi?id=49956,2021/5/11,2021/4/13,28,llvm,1,,,,,,,
99673,linux,14b6cff,Arnd Bergmann,Arnd Bergmann,diagnostic,https://gcc.gnu.org/bugzilla/show_bug.cgi?id=99673,2021/5/10,2021/3/19,52,gcc,1,,,,,,,
46293,linux,28aad1c,Sami Tolvanen,Sami Tolvanen,wrong-code,https://bugs.llvm.org/show_bug.cgi?id=46293,2021/4/9,2020/6/11,302,llvm,1,,,,,,,
99578,linux,cdc34cb,Arnd Bergmann,Arnd Bergmann,diagnostic,https://gcc.gnu.org/bugzilla/show_bug.cgi?id=99578,2021/3/23,2021/3/13,10,gcc,1,,,,,,,
98776,linux,105f75e,Jianlin Lv,JianlinLv,wrong-code,https://gcc.gnu.org/bugzilla/show_bug.cgi?id=98776,2021/2/13,2021/1/21,23,gcc,1,,,,,,,
97490,linux,b96fab4,Arnd Bergmann,Arnd Bergmann,diagnostic,https://gcc.gnu.org/bugzilla/show_bug.cgi?id=97490,2020/11/11,2020/10/19,23,gcc,1,,,,,,,
42950,linux,4d6fb34,Nick Desaulniers,Nick Desaulniers,rejects-valid,https://bugs.llvm.org/show_bug.cgi?id=42950,2020/10/14,2019/8/9,432,llvm,1,,,,,,,
42950,linux,a25c13b,Nick Desaulniers,Nick Desaulniers,rejects-valid,https://bugs.llvm.org/show_bug.cgi?id=42950,2020/10/14,2019/8/9,432,llvm,1,,,,,,,
47539,linux,fb08334,Nick Desaulniers,Nick Desaulniers,rejects-valid,https://bugs.llvm.org/show_bug.cgi?id=47539,2020/10/2,2020/9/15,17,llvm,1,,,,,,,
47280,linux,1e1b6d6,Nick Desaulniers,Nick Desaulniers,rejects-valid,https://bugs.llvm.org/show_bug.cgi?id=47280,2020/9/27,2020/8/21,37,llvm,1,,,,,,,
46480,linux,e2179a0,Kees Cook,Kees Cook,wrong-code,https://bugs.llvm.org/show_bug.cgi?id=46480,2020/9/1,2020/6/27,66,llvm,1,,,,,,,
46478,linux,d812db7,Kees Cook,Kees Cook,wrong-code,https://bugs.llvm.org/show_bug.cgi?id=46478,2020/9/1,2020/6/27,66,llvm,1,,,,,,,
81388,linux,6d25a63,Nick Terrell,Nick Terrell,wrong-code,https://gcc.gnu.org/bugzilla/show_bug.cgi?id=81388,2020/7/31,2017/7/11,1116,gcc,1,,,,,,,
45831,linux,ea91a1d,Arnd Bergmann,Arnd Bergmann,rejects-valid,https://bugs.llvm.org/show_bug.cgi?id=45831,2020/6/12,2020/5/7,36,llvm,1,,,,,,,
45802,linux,b3b6a84,Arnd Bergmann,Arnd Bergmann,wrong-code,https://bugs.llvm.org/show_bug.cgi?id=45802,2020/5/28,2020/5/5,23,llvm,1,,,,,,,
94881,linux,08afb43,Arnd Bergmann,Arnd Bergmann,diagnostic,https://gcc.gnu.org/bugzilla/show_bug.cgi?id=94881,2020/5/6,2020/4/30,6,gcc,1,,,,,,,
94881,linux,dc30b40,Arnd Bergmann,Arnd Bergmann,diagnostic,https://gcc.gnu.org/bugzilla/show_bug.cgi?id=94881,2020/5/2,2020/4/30,2,gcc,1,,,,,,,
92589,linux,277a108,Kees Cook,Kees Cook,documentation,https://gcc.gnu.org/bugzilla/show_bug.cgi?id=92589,2020/4/8,2019/11/20,140,gcc,1,,,,,,,
91111,linux,a48e61d,Will Deacon,Will Deacon,wrong-code,https://gcc.gnu.org/bugzilla/show_bug.cgi?id=91111,2019/10/4,2019/7/8,88,gcc,1,,,,,,,
42950,linux,bfafddd,Nick Desaulniers,Nick Desaulniers,wrong-code,https://bugs.llvm.org/show_bug.cgi?id=42950,2019/9/8,2019/8/9,30,llvm,1,,,,,,,
42990,linux,90776dd,Kees Cook,Kees Cook,rejects-valid,https://bugs.llvm.org/show_bug.cgi?id=42990,2019/8/15,2019/8/13,2,llvm,1,,,,,,,
38809,linux,ebb6d35,Arnd Bergmann,Arnd Bergmann,wrong-code,https://bugs.llvm.org/show_bug.cgi?id=38809,2019/8/3,2018/9/3,334,llvm,1,,,,,,,
42570,linux,a07057d,Arnd Bergmann,Arnd Bergmann,diagnostic,https://bugs.llvm.org/show_bug.cgi?id=42570,2019/7/17,2019/7/10,7,llvm,1,,,,,,,
38789,linux,b27aca2,Arnd Bergmann,Arnd Bergmann,diagnostic,https://bugs.llvm.org/show_bug.cgi?id=38789,2019/7/4,2018/8/31,307,llvm,1,,,,,,,
40186,linux,3fe1ee4,Stefan Agner,Stefan Agner,rejects-valid,https://bugs.llvm.org/show_bug.cgi?id=40186,2019/6/20,2018/12/30,172,llvm,1,,,,,,,
90751,linux,6ca6366,Sven Schnelle,Sven Schnelle,crash,https://gcc.gnu.org/bugzilla/show_bug.cgi?id=90751,2019/6/8,2019/6/4,4,gcc,1,,,,,,,
90193,linux,fe22983,Mathieu Desnoyers,Mathieu Desnoyers,wrong-code,https://gcc.gnu.org/bugzilla/show_bug.cgi?id=90193,2019/5/8,2019/4/20,18,gcc,1,,,,,,,
40972,linux,43947b8,Stefan Agner,Stefan Agner,rejects-valid,https://bugs.llvm.org/show_bug.cgi?id=40972,2019/4/24,2019/3/5,50,llvm,1,,,,,,,
88648,linux,fe09d9c,Stefan Agner,Stefan Agner,wrong-code,https://gcc.gnu.org/bugzilla/show_bug.cgi?id=88648,2019/4/24,2019/1/1,113,gcc,1,,,,,,,
88648,linux,a6c9e96,Stefan Agner,Stefan Agner,wrong-code,https://gcc.gnu.org/bugzilla/show_bug.cgi?id=88648,2019/4/24,2019/1/1,113,gcc,1,,,,,,,
41424,linux,6e04249,Arnd Bergmann,Arnd Bergmann,diagnostic,https://bugs.llvm.org/show_bug.cgi?id=41424,2019/4/11,2019/4/8,3,llvm,1,,,,,,,
38809,linux,ed713a4,Arnd Bergmann,Arnd Bergmann,wrong-code,https://bugs.llvm.org/show_bug.cgi?id=38809,2019/3/20,2018/9/3,198,llvm,1,,,,,,,
40776,linux,03aa4f1,Arnd Bergmann,Arnd Bergmann,optimization,https://bugs.llvm.org/show_bug.cgi?id=40776,2019/3/20,2019/2/19,29,llvm,1,,,,,,,
38789,linux,0077aaa,Arnd Bergmann,Arnd Bergmann,diagnostic,https://bugs.llvm.org/show_bug.cgi?id=38789,2019/3/13,2018/8/31,194,llvm,1,,,,,,,
38789,linux,eefffb4,Arnd Bergmann,Arnd Bergmann,diagnostic,https://bugs.llvm.org/show_bug.cgi?id=38789,2019/3/12,2018/8/31,193,llvm,1,,,,,,,
38809,linux,6baec88,Arnd Bergmann,Arnd Bergmann,rejects-valid,https://bugs.llvm.org/show_bug.cgi?id=38809,2019/3/2,2018/9/3,180,llvm,1,,,,,,,
88648,linux,b7e8c93,Stefan Agner,Stefan Agner,wrong-code,https://gcc.gnu.org/bugzilla/show_bug.cgi?id=88648,2019/2/26,2019/1/1,56,gcc,1,,,,,,,
39556,linux,72e7bcc,Joel Stanley,Joel Stanley,rejects-valid,https://bugs.llvm.org/show_bug.cgi?id=39556,2018/12/20,2018/11/4,46,llvm,1,,,,,,,
39555,linux,72e7bcc,Joel Stanley,Joel Stanley,rejects-valid,https://bugs.llvm.org/show_bug.cgi?id=39555,2018/12/20,2018/11/4,46,llvm,1,,,,,,,
38921,linux,ee9d21b,Joel Stanley,Joel Stanley,wrong-code,https://bugs.llvm.org/show_bug.cgi?id=38921,2018/9/19,2018/9/12,7,llvm,1,,,,,,,
83256,linux,bee2003,Arnd Bergmann,Arnd Bergmann,rejects-valid,https://gcc.gnu.org/bugzilla/show_bug.cgi?id=83256,2018/6/25,2017/12/2,205,gcc,1,,,,,,,
82435,linux,bee2003,Arnd Bergmann,Arnd Bergmann,diagnostic,https://gcc.gnu.org/bugzilla/show_bug.cgi?id=82435,2018/6/25,2017/10/5,263,gcc,1,,,,,,,
85301,linux,bbe9a70,Arnd Bergmann,Arnd Bergmann,diagnostic,https://gcc.gnu.org/bugzilla/show_bug.cgi?id=85301,2018/4/10,2018/4/9,1,gcc,1,,,,,,,
84095,linux,85c615e,Arnd Bergmann,Arnd Bergmann,diagnostic,https://gcc.gnu.org/bugzilla/show_bug.cgi?id=84095,2018/2/21,2018/1/29,23,gcc,1,,,,,,,
81715,linux,e7c52b8,Arnd Bergmann,Arnd Bergmann,wrong-code,https://gcc.gnu.org/bugzilla/show_bug.cgi?id=81715,2018/2/7,2017/8/4,187,gcc,1,,,,,,,
83356,linux,6e36719,Arnd Bergmann,Arnd Bergmann,optimization,https://gcc.gnu.org/bugzilla/show_bug.cgi?id=83356,2018/1/20,2017/12/10,41,gcc,1,,,,,,,
83651,linux,6e36719,Arnd Bergmann,Arnd Bergmann,optimization,https://gcc.gnu.org/bugzilla/show_bug.cgi?id=83651,2018/1/20,2018/1/2,18,gcc,1,,,,,,,
83356,linux,148b974,Arnd Bergmann,Arnd Bergmann,optimization,https://gcc.gnu.org/bugzilla/show_bug.cgi?id=83356,2018/1/12,2017/12/10,33,gcc,1,,,,,,,
83651,linux,148b974,Arnd Bergmann,Arnd Bergmann,optimization,https://gcc.gnu.org/bugzilla/show_bug.cgi?id=83651,2018/1/12,2018/1/2,10,gcc,1,,,,,,,
81715,linux,9e343e8,Arnd Bergmann,Arnd Bergmann,wrong-code,https://gcc.gnu.org/bugzilla/show_bug.cgi?id=81715,2017/12/18,2017/8/4,136,gcc,1,,,,,,,
81715,linux,3cd890d,Arnd Bergmann,Arnd Bergmann,wrong-code,https://gcc.gnu.org/bugzilla/show_bug.cgi?id=81715,2017/12/16,2017/8/4,134,gcc,1,,,,,,,
81715,linux,16c3ada,Arnd Bergmann,Arnd Bergmann,wrong-code,https://gcc.gnu.org/bugzilla/show_bug.cgi?id=81715,2017/12/16,2017/8/4,134,gcc,1,,,,,,,
81484,linux,d15809f,Arnd Bergmann,Arnd Bergmann,diagnostic,https://gcc.gnu.org/bugzilla/show_bug.cgi?id=81484,2017/11/18,2017/7/19,122,gcc,1,,,,,,,
82839,linux,3f2a162,Arnd Bergmann,Arnd Bergmann,diagnostic,https://gcc.gnu.org/bugzilla/show_bug.cgi?id=82839,2017/11/8,2017/11/4,4,gcc,1,,,,,,,
81484,linux,1b0c22e,Arnd Bergmann,Arnd Bergmann,diagnostic,https://gcc.gnu.org/bugzilla/show_bug.cgi?id=81484,2017/10/14,2017/7/19,87,gcc,1,,,,,,,
82203,linux,5dfbf6c,Arnd Bergmann,Arnd Bergmann,diagnostic,https://gcc.gnu.org/bugzilla/show_bug.cgi?id=82203,2017/10/5,2017/9/13,22,gcc,1,,,,,,,
81715,linux,b4391db,Arnd Bergmann,Arnd Bergmann,wrong-code,https://gcc.gnu.org/bugzilla/show_bug.cgi?id=81715,2017/9/26,2017/8/4,53,gcc,1,,,,,,,
81715,linux,6098d7d,Arnd Bergmann,Arnd Bergmann,wrong-code,https://gcc.gnu.org/bugzilla/show_bug.cgi?id=81715,2017/9/26,2017/8/4,53,gcc,1,,,,,,,
82123,linux,e40a3ae,Arnd Bergmann,Arnd Bergmann,diagnostic,https://gcc.gnu.org/bugzilla/show_bug.cgi?id=82123,2017/9/19,2017/9/6,13,gcc,1,,,,,,,
81813,linux,dd88a0a,Josh Poimboeuf,Josh Poimboeuf,optimization,https://gcc.gnu.org/bugzilla/show_bug.cgi?id=81813,2017/8/30,2017/8/11,19,gcc,1,,,,,,,
81958,linux,5fe5a6c,Arnd Bergmann,Arnd Bergmann,diagnostic,https://gcc.gnu.org/bugzilla/show_bug.cgi?id=81958,2017/8/26,2017/8/23,3,gcc,1,,,,,,,
81601,linux,efe967c,Arnd Bergmann,Arnd Bergmann,diagnostic,https://gcc.gnu.org/bugzilla/show_bug.cgi?id=81601,2017/7/30,2017/7/28,2,gcc,1,,,,,,,
81483,linux,22ff1a3,Arnd Bergmann,Arnd Bergmann,diagnostic,https://gcc.gnu.org/bugzilla/show_bug.cgi?id=81483,2017/7/26,2017/7/19,7,gcc,1,,,,,,,
81484,linux,5623452,Arnd Bergmann,Arnd Bergmann,diagnostic,https://gcc.gnu.org/bugzilla/show_bug.cgi?id=81484,2017/7/20,2017/7/19,1,gcc,1,,,,,,,
79149,linux,7d6e910,Arnd Bergmann,Arnd Bergmann,optimization,https://gcc.gnu.org/bugzilla/show_bug.cgi?id=79149,2017/2/11,2017/1/19,23,gcc,1,,,,,,,
78569,linux,5020ded,Arnd Bergmann,Arnd Bergmann,rejects-valid,https://gcc.gnu.org/bugzilla/show_bug.cgi?id=78569,2016/11/30,2016/11/28,2,gcc,1,,,,,,,
69702,linux,c87bf43,Arnd Bergmann,Arnd Bergmann,optimization,https://gcc.gnu.org/bugzilla/show_bug.cgi?id=69702,2016/5/10,2016/2/5,95,gcc,1,,,,,,,
70232,linux,7322dd7,Arnd Bergmann,Arnd Bergmann,optimization,https://gcc.gnu.org/bugzilla/show_bug.cgi?id=70232,2016/5/6,2016/3/15,52,gcc,1,,,,,,,
70604,linux,7e57844,Josh Poimboeuf,Josh Poimboeuf,optimization,https://gcc.gnu.org/bugzilla/show_bug.cgi?id=70604,2016/4/15,2016/4/8,7,gcc,1,,,,,,,
66122,linux,f9a7cbb,Denys Vlasenko,Denis Vlasenko,optimization,https://gcc.gnu.org/bugzilla/show_bug.cgi?id=66122,2016/4/14,2015/5/12,338,gcc,1,,,,,,,
70232,linux,ef3fb24,Arnd Bergmann,Arnd Bergmann,optimization,https://gcc.gnu.org/bugzilla/show_bug.cgi?id=70232,2016/3/19,2016/3/15,4,gcc,1,,,,,,,
66122,linux,e3bde95,Denys Vlasenko,Denis Vlasenko,optimization,https://gcc.gnu.org/bugzilla/show_bug.cgi?id=66122,2016/3/18,2015/5/12,311,gcc,1,,,,,,,
66122,linux,bc27fb6,Denys Vlasenko,Denis Vlasenko,optimization,https://gcc.gnu.org/bugzilla/show_bug.cgi?id=66122,2016/3/18,2015/5/12,311,gcc,1,,,,,,,
66122,linux,a644fdf,Denys Vlasenko,Denis Vlasenko,optimization,https://gcc.gnu.org/bugzilla/show_bug.cgi?id=66122,2016/3/18,2015/5/12,311,gcc,1,,,,,,,
66122,linux,4b0f326,Denys Vlasenko,Denis Vlasenko,optimization,https://gcc.gnu.org/bugzilla/show_bug.cgi?id=66122,2016/3/18,2015/5/12,311,gcc,1,,,,,,,
66122,linux,ee91ef6,Denys Vlasenko,Denis Vlasenko,optimization,https://gcc.gnu.org/bugzilla/show_bug.cgi?id=66122,2016/3/18,2015/5/12,311,gcc,1,,,,,,,
66122,linux,8dd5032,Denys Vlasenko,Denis Vlasenko,optimization,https://gcc.gnu.org/bugzilla/show_bug.cgi?id=66122,2016/2/9,2015/5/12,273,gcc,1,,,,,,,
66122,linux,0b101e6,Denys Vlasenko,Denis Vlasenko,optimization,https://gcc.gnu.org/bugzilla/show_bug.cgi?id=66122,2015/9/25,2015/5/12,136,gcc,1,,,,,,,
66122,linux,accd0b9,Denys Vlasenko,Denis Vlasenko,optimization,https://gcc.gnu.org/bugzilla/show_bug.cgi?id=66122,2015/8/5,2015/5/12,85,gcc,1,,,,,,,
66122,linux,d14edb1,Denys Vlasenko,Denis Vlasenko,optimization,https://gcc.gnu.org/bugzilla/show_bug.cgi?id=66122,2015/8/5,2015/5/12,85,gcc,1,,,,,,,
66122,linux,1a1d48a,Denys Vlasenko,Denis Vlasenko,optimization,https://gcc.gnu.org/bugzilla/show_bug.cgi?id=66122,2015/8/5,2015/5/12,85,gcc,1,,,,,,,
66122,linux,3490565,Denys Vlasenko,Denis Vlasenko,optimization,https://gcc.gnu.org/bugzilla/show_bug.cgi?id=66122,2015/7/21,2015/5/12,70,gcc,1,,,,,,,
57134,linux,92d6cf2,Anton Blanchard,Anton Blanchard,crash,http://gcc.gnu.org/bugzilla/show_bug.cgi?id=57134,2015/6/11,2013/5/1,771,gcc,1,,,,,,,
57134,linux,f036b36,Anton Blanchard,Anton Blanchard,crash,http://gcc.gnu.org/bugzilla/show_bug.cgi?id=57134,2013/10/11,2013/5/1,163,gcc,1,,,,,,,
48637,linux,a9468f3,Rabin Vincent,Rabin Vincent,crash,http://gcc.gnu.org/bugzilla/show_bug.cgi?id=48637,2012/3/24,2011/4/16,343,gcc,1,,,,,,,
47376,linux,ba12b13,Jan Engelhardt,Jan Engelhardt,diagnostic,http://gcc.gnu.org/bugzilla/show_bug.cgi?id=47376,2011/1/20,2011/1/20,0,gcc,1,,,,,,,
42109,linux,746357d,Thomas Gleixner,Thomas Gleixner,wrong-code,http://gcc.gnu.org/bugzilla/show_bug.cgi?id=42109,2009/11/20,2009/11/19,1,gcc,1,,,,,,,
40132,linux,aa512a2,Steven Rostedt,Steven Rostedt,wrong-code,http://gcc.gnu.org/bugzilla/show_bug.cgi?id=40132,2009/5/14,2009/5/13,1,gcc,1,,,,,,,
29413,linux,f940541,Ralf Baechle,Ralf Baechle,wrong-code,http://gcc.gnu.org/bugzilla/show_bug.cgi?id=29413,2006/10/12,2006/10/10,2,gcc,1,,,,,,,
25572,linux,c8d5246,Anton Blanchard,Anton Blanchard,wrong-code,http://gcc.gnu.org/bugzilla/show_bug.cgi?id=25572,2006/1/11,2005/12/27,15,gcc,1,,,,,,,
23422,linux,32818c2,Anton Blanchard,Anton Blanchard,rejects-valid,http://gcc.gnu.org/bugzilla/show_bug.cgi?id=23422,2005/8/27,2005/8/16,11,gcc,1,,,,,,,
85647,linux,5fe6caa,Andrej Shadura,Nathan Chancellor,optimization,https://github.com/llvm/llvm-project/issues/85647,2024/11/15,2024/3/18,242,llvm issues,2,,,,,,,
57031,linux,0b98465,Naveen N Rao,Nick Desaulniers,environment,https://github.com/llvm/llvm-project/issues/57031,2024/10/31,2022/8/10,813,llvm issues,2,,,,,,,
117196,linux,894b00a,Marco Elver,Andrew Pinski,wrong-code,https://gcc.gnu.org/bugzilla/show_bug.cgi?id=117196,2024/10/23,2024/10/18,5,gcc,2,,,,,,,
113921,linux,f2f6a8e,Mark Rutland,Sean Christopherson,wrong-code,https://gcc.gnu.org/bugzilla/show_bug.cgi?id=113921,2024/7/19,2024/2/14,156,gcc,2,,,,,,,
20571,linux,dbaaabd,Linus Torvalds,Benjamin Kramer,wrong-code,https://github.com/llvm/llvm-project/issues/20571,2024/5/23,2014/7/4,3611,llvm issues,2,,,,,,,
88119,linux,8092162,Edward Liaw,lag,rejects-valid,https://github.com/llvm/llvm-project/issues/88119,2024/4/25,2024/4/9,16,llvm issues,2,,,,,,,
55520,linux,8.17E+12,Ricardo Ribalda,UmeshKalappa,diagnostic,https://github.com/llvm/llvm-project/issues/55520,2024/4/15,2022/5/17,699,llvm issues,2,,,,,,,
55520,linux,2abcd95,Ricardo Ribalda,UmeshKalappa,diagnostic,https://github.com/llvm/llvm-project/issues/55520,2024/4/15,2022/5/17,699,llvm issues,2,,,,,,,
55520,linux,309422d,Ricardo Ribalda,UmeshKalappa,diagnostic,https://github.com/llvm/llvm-project/issues/55520,2024/4/15,2022/5/17,699,llvm issues,2,,,,,,,
82339,linux,af682b7,Alexei Starovoitov,Jakub Jelinek,optimization,https://gcc.gnu.org/bugzilla/show_bug.cgi?id=82339,2024/4/4,2017/9/27,2381,gcc,2,,,,,,,
38013,linux,9c1b86f,Nathan Chancellor,Joerg Sonnenberger,wrong-code,https://github.com/llvm/llvm-project/issues/38013,2024/2/23,2018/8/22,2011,llvm issues,2,,,,,,,
103979,linux,68fb3ca,Linus Torvalds,Gareth Webb,crash,https://gcc.gnu.org/bugzilla/show_bug.cgi?id=103979,2024/2/16,2022/1/11,766,gcc,2,,,,,,,
113921,linux,68fb3ca,Linus Torvalds,Sean Christopherson,wrong-code,https://gcc.gnu.org/bugzilla/show_bug.cgi?id=113921,2024/2/16,2024/2/14,2,gcc,2,,,,,,,
98619,linux,4356e9f,Linus Torvalds,Alex Coplan,crash,https://gcc.gnu.org/bugzilla/show_bug.cgi?id=98619,2024/2/10,2021/1/11,1125,gcc,2,,,,,,,
110420,linux,4356e9f,Linus Torvalds,Jan-Benedict Glaw,crash,https://gcc.gnu.org/bugzilla/show_bug.cgi?id=110420,2024/2/10,2023/6/26,229,gcc,2,,,,,,,
110422,linux,4356e9f,Linus Torvalds,Andrew Pinski,crash,https://gcc.gnu.org/bugzilla/show_bug.cgi?id=110422,2024/2/10,2023/6/27,228,gcc,2,,,,,,,
71001,linux,cda5f94,Masahiro Yamada,Markus Trippelsdorf,rejects-valid,https://github.com/llvm/llvm-project/issues/71001,2024/1/31,2023/11/2,90,llvm issues,2,,,,,,,
77813,linux,8deb05c,Kees Cook,Nathan Chancellor,optimization,https://github.com/llvm/llvm-project/issues/77813,2024/1/24,2024/1/12,12,llvm issues,2,,,,,,,
59350,linux,021d234,Wende Tan,Vadím Sukhomlínov,wrong-code,https://github.com/llvm/llvm-project/issues/59350,2024/1/23,2022/12/6,413,llvm issues,2,,,,,,,
65090,linux,021d234,Wende Tan,Paul Kirth,wrong-code,https://github.com/llvm/llvm-project/issues/65090,2024/1/23,2023/8/30,146,llvm issues,2,,,,,,,
55669,linux,61a40c1,Alexei Starovoitov,Carel,crash,https://github.com/llvm/llvm-project/issues/55669,2024/1/5,2022/5/24,591,llvm issues,2,,,,,,,
95755,linux,588a90a,Herbert Xu,Jonathan Leffler,diagnostic,https://gcc.gnu.org/bugzilla/show_bug.cgi?id=95755,2023/11/17,2020/6/19,1246,gcc,2,,,,,,,
95755,linux,ca06ef9,Herbert Xu,Jonathan Leffler,diagnostic,https://gcc.gnu.org/bugzilla/show_bug.cgi?id=95755,2023/10/20,2020/6/19,1218,gcc,2,,,,,,,
99090,linux,89775a2,Nathan Chancellor,Jim Wilson,crash,https://gcc.gnu.org/bugzilla/show_bug.cgi?id=99090,2023/8/31,2021/2/13,929,gcc,2,,,,,,,
108402,linux,71c8f9c,Arnd Bergmann,Not Found,diagnostic,https://gcc.gnu.org/bugzilla/show_bug.cgi?id=108402,2023/7/27,2023/1/14,194,gcc,2,,,,,,,
78736,linux,c40e60f,Borislav Petkov (AMD),ErikaMolnar,diagnostic,https://gcc.gnu.org/bugzilla/show_bug.cgi?id=78736,2023/7/24,2016/12/8,2419,gcc,2,,,,,,,
55520,linux,8bcf314,Rahul Rameshbabu,UmeshKalappa,diagnostic,https://github.com/llvm/llvm-project/issues/55520,2023/7/9,2022/5/17,418,llvm issues,2,,,,,,,
63220,linux,d24da1f,Naveen N Rao,Nick Desaulniers,wrong-code,https://github.com/llvm/llvm-project/issues/63220,2023/6/19,2023/6/10,9,llvm issues,2,,,,,,,
107405,linux,6d074ce,Bart Van Assche,Jiri Slaby,rejects-valid,https://gcc.gnu.org/bugzilla/show_bug.cgi?id=107405,2023/5/31,2022/10/26,217,gcc,2,,,,,,,
44842,linux,d966c3c,Andrea Righi,Kees Cook,rejects-valid,https://github.com/llvm/llvm-project/issues/44842,2023/4/20,2022/4/11,374,llvm issues,2,,,,,,,
94891,linux,9df3f50,Mark Rutland,Not Found,wrong-code,https://gcc.gnu.org/bugzilla/show_bug.cgi?id=94891,2023/4/13,2020/4/30,1078,gcc,2,,,,,,,
99652,linux,a3046a6,David Gow,H.J. Lu,rejects-valid,https://gcc.gnu.org/bugzilla/show_bug.cgi?id=99652,2023/4/4,2021/3/18,747,gcc,2,,,,,,,
82457,linux,9af0f55,James Hilliard,Andrew Schepler,documentation,https://gcc.gnu.org/bugzilla/show_bug.cgi?id=82457,2023/4/1,2017/10/6,2003,gcc,2,,,,,,,
108777,linux,51287dc,Marco Elver,Jakub Jelinek,rejects-valid,https://gcc.gnu.org/bugzilla/show_bug.cgi?id=108777,2023/3/3,2023/2/13,18,gcc,2,,,,,,,
53383,linux,8849818,David Gow,H. Peter Anvin,rejects-valid,https://gcc.gnu.org/bugzilla/show_bug.cgi?id=53383,2023/2/11,2012/5/17,3922,gcc,2,,,,,,,
101836,linux,16a738f,Paulo Miguel Almeida,Kees Cook,rejects-valid,https://gcc.gnu.org/bugzilla/show_bug.cgi?id=101836,2023/1/28,2021/8/9,537,gcc,2,,,,,,,
59037,linux,87c7ee6,Masahiro Yamada,Kees Cook,wrong-code,https://github.com/llvm/llvm-project/issues/59037,2023/1/26,2022/11/17,70,llvm issues,2,,,,,,,
88345,linux,8f9e0a5,Mark Rutland,Martin Sebor,optimization,https://gcc.gnu.org/bugzilla/show_bug.cgi?id=88345,2023/1/24,2018/12/4,1512,gcc,2,,,,,,,
88345,linux,c27cd08,Mark Rutland,Martin Sebor,optimization,https://gcc.gnu.org/bugzilla/show_bug.cgi?id=88345,2023/1/24,2018/12/4,1512,gcc,2,,,,,,,
36113,linux,56c5dab,Jiri Slaby (SUSE),Mike Stump,diagnostic,https://gcc.gnu.org/bugzilla/show_bug.cgi?id=36113,2022/12/29,2008/5/2,5354,gcc,2,,,,,,,
50764,linux,6a7ee50,Arnd Bergmann,Timm Baeder,rejects-valid,https://github.com/llvm/llvm-project/issues/50764,2022/12/19,2021/8/12,494,llvm issues,2,,,,,,,
101836,linux,09ccde9,Paulo Miguel Almeida,Kees Cook,rejects-valid,https://gcc.gnu.org/bugzilla/show_bug.cgi?id=101836,2022/12/16,2021/8/9,494,gcc,2,,,,,,,
36113,linux,ff1cc97,Jiri Slaby (SUSE),Mike Stump,"diagnostic, wrong-code",https://gcc.gnu.org/bugzilla/show_bug.cgi?id=36113,2022/12/15,2008/5/2,5340,gcc,2,,,,,,,
36113,linux,2d4ee16,Jiri Slaby (SUSE),Mike Stump,"diagnostic, wrong-code",https://gcc.gnu.org/bugzilla/show_bug.cgi?id=36113,2022/12/14,2008/5/2,5339,gcc,2,,,,,,,
107917,linux,f077880,Arnd Bergmann,Luis Machado,wrong-code,https://gcc.gnu.org/bugzilla/show_bug.cgi?id=107917,2022/12/6,2022/11/29,7,gcc,2,,,,,,,
107405,linux,f077880,Arnd Bergmann,Jiri Slaby,rejects-valid,https://gcc.gnu.org/bugzilla/show_bug.cgi?id=107405,2022/12/6,2022/10/26,41,gcc,2,,,,,,,
12213,linux,ab0350c,James Hilliard,Not Found,diagnostic,https://gcc.gnu.org/bugzilla/show_bug.cgi?id=12213,2022/12/5,2003/9/8,7028,gcc,2,,,,,,,
97490,linux,278ab97,Kees Cook,Arnd Bergmann,diagnostic,https://gcc.gnu.org/bugzilla/show_bug.cgi?id=97490,2022/12/1,2020/10/19,773,gcc,2,,,,,,,
41896,linux,6f6cb17,Lee Jones,Arnd Bergmann,optimization,https://github.com/llvm/llvm-project/issues/41896,2022/12/1,2019/7/9,1241,llvm issues,2,,,,,,,
101836,linux,25b2483,Paulo Miguel Almeida,Kees Cook,rejects-valid,https://gcc.gnu.org/bugzilla/show_bug.cgi?id=101836,2022/11/23,2021/8/9,471,gcc,2,,,,,,,
96503,linux,b5e72d2,Vlastimil Babka,Martin Sebor,diagnostic,https://gcc.gnu.org/bugzilla/show_bug.cgi?id=96503,2022/11/21,2020/8/6,837,gcc,2,,,,,,,
96503,linux,6fa57d7,Kees Cook,Martin Sebor,diagnostic,https://gcc.gnu.org/bugzilla/show_bug.cgi?id=96503,2022/11/21,2020/8/6,837,gcc,2,,,,,,,
101836,linux,bd3fe58,Paulo Miguel Almeida,Kees Cook,rejects-valid,https://gcc.gnu.org/bugzilla/show_bug.cgi?id=101836,2022/11/16,2021/8/9,464,gcc,2,,,,,,,
82365,linux,93e3f45,Sathvika Vasireddy,Christophe Lyon,optimization,https://gcc.gnu.org/bugzilla/show_bug.cgi?id=82365,2022/11/15,2017/9/29,1873,gcc,2,,,,,,,
106751,linux,93e3f45,Sathvika Vasireddy,Christophe Leroy,crash,https://gcc.gnu.org/bugzilla/show_bug.cgi?id=106751,2022/11/15,2022/8/26,81,gcc,2,,,,,,,
101836,linux,7989d0b,Paulo Miguel Almeida,Kees Cook,rejects-valid,https://gcc.gnu.org/bugzilla/show_bug.cgi?id=101836,2022/11/11,2021/8/9,459,gcc,2,,,,,,,
101836,linux,e50db38,Paulo Miguel Almeida,Kees Cook,rejects-valid,https://gcc.gnu.org/bugzilla/show_bug.cgi?id=101836,2022/11/10,2021/8/9,458,gcc,2,,,,,,,
101836,linux,d96d0f9,Paulo Miguel Almeida,Kees Cook,rejects-valid,https://gcc.gnu.org/bugzilla/show_bug.cgi?id=101836,2022/11/9,2021/8/9,457,gcc,2,,,,,,,
55656,linux,1d2e9b6,Nick Desaulniers,David Spikett,diagnostic,https://github.com/llvm/llvm-project/issues/55656,2022/11/9,2022/5/23,170,llvm issues,2,,,,,,,
101836,linux,3.20E+261,Paulo Miguel Almeida,Kees Cook,rejects-valid,https://gcc.gnu.org/bugzilla/show_bug.cgi?id=101836,2022/11/5,2021/8/9,453,gcc,2,,,,,,,
101836,linux,c81c5bd,Paulo Miguel Almeida,Kees Cook,rejects-valid,https://gcc.gnu.org/bugzilla/show_bug.cgi?id=101836,2022/11/5,2021/8/9,453,gcc,2,,,,,,,
101836,linux,542f25a,Paulo Miguel Almeida,Kees Cook,rejects-valid,https://gcc.gnu.org/bugzilla/show_bug.cgi?id=101836,2022/10/18,2021/8/9,435,gcc,2,,,,,,,
101836,linux,943deb6,Gustavo A. R. Silva,Kees Cook,rejects-valid,https://gcc.gnu.org/bugzilla/show_bug.cgi?id=101836,2022/10/6,2021/8/9,423,gcc,2,,,,,,,
107048,linux,865dad2,Linus Torvalds,Not Found,rejects-valid,https://gcc.gnu.org/bugzilla/show_bug.cgi?id=107048,2022/10/4,2022/9/27,7,gcc,2,,,,,,,
101836,linux,fd2f045,Gustavo A. R. Silva,Kees Cook,rejects-valid,https://gcc.gnu.org/bugzilla/show_bug.cgi?id=101836,2022/9/26,2021/8/9,413,gcc,2,,,,,,,
106671,linux,c0a454b,Mark Brown,D Scott Phillips,wrong-code,https://gcc.gnu.org/bugzilla/show_bug.cgi?id=106671,2022/9/6,2022/8/17,20,gcc,2,,,,,,,
48637,linux,a0a12c3,Nick Desaulniers,Rabin Vincent,crash,http://gcc.gnu.org/bugzilla/show_bug.cgi?id=48637,2022/8/22,2011/4/16,4146,gcc,2,,,,,,,
57009,linux,ffcf9c5,Nick Desaulniers,Orivej Desh,diagnostic,https://github.com/llvm/llvm-project/issues/57009,2022/8/11,2021/2/20,537,llvm issues,2,,,,,,,
57009,linux,0d362be,Nick Desaulniers,Orivej Desh,diagnostic,https://github.com/llvm/llvm-project/issues/57009,2022/8/11,2021/2/20,537,llvm issues,2,,,,,,,
57031,linux,cb928ac,Naveen N. Rao,Nick Desaulniers,rejects-valid,https://github.com/llvm/llvm-project/issues/57031,2022/8/10,2022/8/10,0,llvm issues,2,,,,,,,
55520,linux,a4cb6e6,Marc Kleine-Budde,UmeshKalappa,diagnostic,https://github.com/llvm/llvm-project/issues/55520,2022/8/9,2022/5/17,84,llvm issues,2,,,,,,,
101836,linux,e2b5421,Linus Torvalds,Kees Cook,rejects-valid,https://gcc.gnu.org/bugzilla/show_bug.cgi?id=101836,2022/8/3,2021/8/9,359,gcc,2,,,,,,,
58670,linux,43c249e,Uros Bizjak,Jakub Jelinek,wrong-code,http://gcc.gnu.org/bugzilla/show_bug.cgi?id=58670,2022/7/18,2013/10/9,3204,gcc,2,,,,,,,
48553,linux,1b86678,Nathan Chancellor,Nick Desaulniers,rejects-valid,https://github.com/llvm/llvm-project/issues/48553,2022/7/11,2021/2/17,509,llvm issues,2,,,,,,,
55578,linux,1841025,James Hilliard,Ruben Adamyan,diagnostic,https://gcc.gnu.org/bugzilla/show_bug.cgi?id=55578,2022/7/9,2012/12/3,3505,gcc,2,,,,,,,
90400,linux,1841025,James Hilliard,Remi,wrong-code,https://gcc.gnu.org/bugzilla/show_bug.cgi?id=90400,2022/7/9,2019/5/8,1158,gcc,2,,,,,,,
55514,linux,e830315,Nathan Chancellor,Nick Desaulniers,wrong-code,https://github.com/llvm/llvm-project/issues/55514,2022/6/17,2022/5/17,31,llvm issues,2,,,,,,,
105679,linux,dfe21e6,Sean Christopherson,Kees Cook,diagnostic,https://gcc.gnu.org/bugzilla/show_bug.cgi?id=105679,2022/6/10,2022/5/21,20,gcc,2,,,,,,,
102103,linux,7e41528,Murilo Opsfelder Araujo,Martin Sebor,diagnostic,https://gcc.gnu.org/bugzilla/show_bug.cgi?id=102103,2022/6/1,2021/8/27,278,gcc,2,,,,,,,
55520,linux,1a6dd99,Vincent Mailhol,UmeshKalappa,diagnostic,https://github.com/llvm/llvm-project/issues/55520,2022/5/20,2022/5/17,3,llvm issues,2,,,,,,,
99578,linux,aeb8441,Kees Cook,Arnd Bergmann,diagnostic,https://gcc.gnu.org/bugzilla/show_bug.cgi?id=99578,2022/5/19,2021/3/13,432,gcc,2,,,,,,,
56888,linux,95fee37,Michal Simek,Hanna Reitz,optimization,https://gcc.gnu.org/bugzilla/show_bug.cgi?id=56888,2022/4/21,2013/4/8,3300,gcc,2,,,,,,,
105160,linux,2df3fc4,Jeremy Linton,Not Found,wrong-code,https://gcc.gnu.org/bugzilla/show_bug.cgi?id=105160,2022/4/14,2022/4/5,9,gcc,2,,,,,,,
98096,linux,1aa0e8b,Sean Christopherson,Not Found,diagnostic,https://gcc.gnu.org/bugzilla/show_bug.cgi?id=98096,2022/4/14,2020/12/2,498,gcc,2,,,,,,,
99578,linux,b06a175,Linus Torvalds,Arnd Bergmann,diagnostic,https://gcc.gnu.org/bugzilla/show_bug.cgi?id=99578,2022/3/27,2021/3/13,379,gcc,2,,,,,,,
45831,linux,b027471,Marco Elver,Arnd Bergmann,rejects-valid,https://bugs.llvm.org/show_bug.cgi?id=45831,2022/3/24,2020/5/7,686,llvm,2,,,,,,,
41459,linux,281d0c9,Kees Cook,Arnd Bergmann,wrong-code,https://bugs.llvm.org/show_bug.cgi?id=41459,2022/2/14,2019/4/10,1041,llvm,2,,,,,,,
53645,linux,281d0c9,Kees Cook,Nick Desaulniers,wrong-code,https://github.com/llvm/llvm-project/issues/53645,2022/2/14,2022/2/8,6,llvm issues,2,,,,,,,
99578,linux,545c272,Kees Cook,Arnd Bergmann,diagnostic,https://gcc.gnu.org/bugzilla/show_bug.cgi?id=99578,2022/2/14,2021/3/13,338,gcc,2,,,,,,,
52735,linux,b53823f,Mathieu Desnoyers,Nick Desaulniers,wrong-code,https://github.com/llvm/llvm-project/issues/52735,2022/2/2,2021/12/16,48,llvm issues,2,,,,,,,
58670,linux,b53823f,Mathieu Desnoyers,Jakub Jelinek,wrong-code,https://gcc.gnu.org/bugzilla/show_bug.cgi?id=58670,2022/2/2,2013/10/9,3038,gcc,2,,,,,,,
100379,linux,f23653f,Maciej W. Rozycki,cqwrteur,crash,https://gcc.gnu.org/bugzilla/show_bug.cgi?id=100379,2022/1/26,2021/5/2,269,gcc,2,,,,,,,
47798,linux,d72c4a3,Daniel Axtens,Bill Wendling,rejects-valid,https://bugs.llvm.org/show_bug.cgi?id=47798,2021/12/23,2020/10/11,438,llvm,2,,,,,,,
52323,linux,e463a09,Peter Zijlstra,Andrew Cooper,rejects-valid,https://bugs.llvm.org/show_bug.cgi?id=52323,2021/12/9,2021/10/26,44,llvm,2,,,,,,,
102952,linux,e463a09,Peter Zijlstra,Andrew Cooper,rejects-valid,https://gcc.gnu.org/bugzilla/show_bug.cgi?id=102952,2021/12/9,2021/10/26,44,gcc,2,,,,,,,
52323,linux,68cf4f2,Peter Zijlstra,Andrew Cooper,rejects-valid,https://bugs.llvm.org/show_bug.cgi?id=52323,2021/12/8,2021/10/26,43,llvm,2,,,,,,,
102952,linux,68cf4f2,Peter Zijlstra,Andrew Cooper,rejects-valid,https://gcc.gnu.org/bugzilla/show_bug.cgi?id=102952,2021/12/8,2021/10/26,43,gcc,2,,,,,,,
100363,linux,f7e5b9b,Arnd Bergmann,Vineet Gupta,wrong-code,https://gcc.gnu.org/bugzilla/show_bug.cgi?id=100363,2021/11/30,2021/4/30,214,gcc,2,,,,,,,
51094,linux,dee2b70,Gustavo A. R. Silva,Kees Cook,diagnostic,https://bugs.llvm.org/show_bug.cgi?id=51094,2021/11/15,2021/7/14,124,llvm,2,,,,,,,
51682,linux,2dc26d9,Linus Torvalds,Nathan Chancellor,diagnostic,https://bugs.llvm.org/show_bug.cgi?id=51682,2021/11/2,2021/8/30,64,llvm,2,,,,,,,
41459,linux,a52f8a5,Kees Cook,Arnd Bergmann,wrong-code,https://bugs.llvm.org/show_bug.cgi?id=41459,2021/9/25,2019/4/10,899,llvm,2,,,,,,,
69960,linux,7d1be0a,Douglas Anderson,Not Found,rejects-valid,https://gcc.gnu.org/bugzilla/show_bug.cgi?id=69960,2021/9/25,2016/2/25,2039,gcc,2,,,,,,,
99578,linux,d5f6545,Linus Torvalds,Arnd Bergmann,diagnostic,https://gcc.gnu.org/bugzilla/show_bug.cgi?id=99578,2021/9/21,2021/3/13,192,gcc,2,,,,,,,
16428,linux,b83a908,Nick Desaulniers,Ben Longbons,diagnostic,https://bugs.llvm.org/show_bug.cgi?id=16428,2021/9/9,2013/6/23,3000,llvm,2,,,,,,,
102162,linux,c42813b,Helge Deller,John David Anglin,wrong-code,https://gcc.gnu.org/bugzilla/show_bug.cgi?id=102162,2021/9/3,2021/9/1,2,gcc,2,,,,,,,
51634,linux,e432fe9,Michael Ellerman,Nathan Chancellor,rejects-valid,https://bugs.llvm.org/show_bug.cgi?id=51634,2021/9/1,2021/8/26,6,llvm,2,,,,,,,
100363,linux,4cad671,Linus Torvalds,Vineet Gupta,wrong-code,https://gcc.gnu.org/bugzilla/show_bug.cgi?id=100363,2021/7/3,2021/4/30,64,gcc,2,,,,,,,
80223,linux,380d53c,Nick Desaulniers,Marek Polacek,diagnostic,https://gcc.gnu.org/bugzilla/show_bug.cgi?id=80223,2021/6/23,2017/3/27,1549,gcc,2,,,,,,,
40838,linux,558f9b2,YiFei Zhu,Not Found,rejects-valid,https://gcc.gnu.org/bugzilla/show_bug.cgi?id=40838,2021/6/18,2009/7/23,4348,gcc,2,,,,,,,
19449,linux,f747e66,Rikard Falkeborn,Erich Plondke,rejects-valid,https://gcc.gnu.org/bugzilla/show_bug.cgi?id=19449,2021/5/23,2005/1/14,5973,gcc,2,,,,,,,
100363,linux,778aaef,Arnd Bergmann,Vineet Gupta,wrong-code,https://gcc.gnu.org/bugzilla/show_bug.cgi?id=100363,2021/5/10,2021/4/30,10,gcc,2,,,,,,,
39889,linux,2ba50da,Masahiro Yamada,Jakub Jelinek,diagnostic,https://gcc.gnu.org/bugzilla/show_bug.cgi?id=39889,2021/4/14,2009/4/24,4373,gcc,2,,,,,,,
46478,linux,f5b6a74,Nathan Chancellor,Kees Cook,wrong-code,https://bugs.llvm.org/show_bug.cgi?id=46478,2021/2/26,2020/6/27,244,llvm,2,,,,,,,
47479,linux,d2dcd3e,Sami Tolvanen,Nick Desaulniers,wrong-code,https://bugs.llvm.org/show_bug.cgi?id=47479,2021/2/24,2020/9/9,168,llvm,2,,,,,,,
48755,linux,5857c92,Will Deacon,Nick Desaulniers,rejects-valid,https://bugs.llvm.org/show_bug.cgi?id=48755,2021/1/21,2021/1/14,7,llvm,2,,,,,,,
97445,linux,2f78788,Jakub Jelinek,Christophe Leroy,optimization,https://gcc.gnu.org/bugzilla/show_bug.cgi?id=97445,2020/12/16,2020/10/15,62,gcc,2,,,,,,,
97060,linux,a9ffd04,Masami Hiramatsu,Jiri Olsa,rejects-valid,https://gcc.gnu.org/bugzilla/show_bug.cgi?id=97060,2020/11/28,2020/9/15,74,gcc,2,,,,,,,
91432,linux,4.17E+91,Gustavo A. R. Silva,Joe Perches,diagnostic,https://gcc.gnu.org/bugzilla/show_bug.cgi?id=91432,2020/10/30,2019/8/13,444,gcc,2,,,,,,,
82602,linux,aa5cacd,Arvind Sankar,Segher Boessenkool,optimization,https://gcc.gnu.org/bugzilla/show_bug.cgi?id=82602,2020/10/1,2017/10/18,1079,gcc,2,,,,,,,
47162,linux,1e1b6d6,Nick Desaulniers,Sami Tolvanen,crash,https://bugs.llvm.org/show_bug.cgi?id=47162,2020/9/27,2020/8/13,45,llvm,2,,,,,,,
56888,linux,33d0f96,Arvind Sankar,Hanna Reitz,optimization,https://gcc.gnu.org/bugzilla/show_bug.cgi?id=56888,2020/8/20,2013/4/8,2691,gcc,2,,,,,,,
33587,linux,158807d,Nick Desaulniers,Dmitry Golovin,rejects-valid,https://bugs.llvm.org/show_bug.cgi?id=33587,2020/7/23,2017/6/25,1124,llvm,2,,,,,,,
24494,linux,3347c8a,Sedat Dilek,Jan-Simon Möller,rejects-valid,https://bugs.llvm.org/show_bug.cgi?id=24494,2020/7/9,2015/8/18,1787,llvm,2,,,,,,,
89124,linux,acf7b0b,Marco Elver,Thiago Macieira,rejects-valid,https://gcc.gnu.org/bugzilla/show_bug.cgi?id=89124,2020/6/25,2019/1/30,512,gcc,2,,,,,,,
45497,linux,f0fe00d,glider@google.com,Kees Cook,rejects-valid,https://bugs.llvm.org/show_bug.cgi?id=45497,2020/6/16,2020/4/10,67,llvm,2,,,,,,,
94697,linux,3a88d7c,Will Deacon,Not Found,wrong-code,https://gcc.gnu.org/bugzilla/show_bug.cgi?id=94697,2020/5/12,2020/4/21,21,gcc,2,,,,,,,
44916,linux,a34c7f5,Kees Cook,Alexander Potapenko,rejects-valid,https://bugs.llvm.org/show_bug.cgi?id=44916,2020/4/18,2020/2/14,64,llvm,2,,,,,,,
58145,linux,a5460b5,Will Deacon,Hans-Peter Nilsson,wrong-code,https://gcc.gnu.org/bugzilla/show_bug.cgi?id=58145,2020/4/16,2013/8/13,2438,gcc,2,,,,,,,
58145,linux,5429ef6,Will Deacon,Hans-Peter Nilsson,wrong-code,https://gcc.gnu.org/bugzilla/show_bug.cgi?id=58145,2020/4/16,2013/8/13,2438,gcc,2,,,,,,,
42666,linux,afe956c,Nathan Chancellor,Chandler Carruth,diagnostic,https://bugs.llvm.org/show_bug.cgi?id=42666,2020/4/8,2019/7/18,265,llvm,2,,,,,,,
19449,linux,295bcca,Rikard Falkeborn,Erich Plondke,rejects-valid,https://gcc.gnu.org/bugzilla/show_bug.cgi?id=19449,2020/4/8,2005/1/14,5563,gcc,2,,,,,,,
44916,linux,9cf016e,Kees Cook,Alexander Potapenko,rejects-valid,https://bugs.llvm.org/show_bug.cgi?id=44916,2020/4/8,2020/2/14,54,llvm,2,,,,,,,
44916,linux,27d80fa,Kees Cook,Alexander Potapenko,rejects-valid,https://bugs.llvm.org/show_bug.cgi?id=44916,2020/4/8,2020/2/14,54,llvm,2,,,,,,,
44916,linux,deec222,Kees Cook,Alexander Potapenko,rejects-valid,https://bugs.llvm.org/show_bug.cgi?id=44916,2020/3/16,2020/2/14,31,llvm,2,,,,,,,
44916,linux,c06a1c3,Kees Cook,Alexander Potapenko,rejects-valid,https://bugs.llvm.org/show_bug.cgi?id=44916,2020/3/4,2020/2/14,19,llvm,2,,,,,,,
44916,linux,0a68ff5,Kees Cook,Alexander Potapenko,rejects-valid,https://bugs.llvm.org/show_bug.cgi?id=44916,2020/3/3,2020/2/14,18,llvm,2,,,,,,,
44916,linux,78c2442,Kees Cook,Alexander Potapenko,rejects-valid,https://bugs.llvm.org/show_bug.cgi?id=44916,2020/2/24,2020/2/14,10,llvm,2,,,,,,,
44916,linux,78856f2,Kees Cook,Alexander Potapenko,rejects-valid,https://bugs.llvm.org/show_bug.cgi?id=44916,2020/2/24,2020/2/14,10,llvm,2,,,,,,,
44916,linux,e24cd4e,Kees Cook,Alexander Potapenko,rejects-valid,https://bugs.llvm.org/show_bug.cgi?id=44916,2020/2/24,2020/2/14,10,llvm,2,,,,,,,
44916,linux,2713eb4,Kees Cook,Alexander Potapenko,rejects-valid,https://bugs.llvm.org/show_bug.cgi?id=44916,2020/2/23,2020/2/14,9,llvm,2,,,,,,,
44916,linux,16a556e,Kees Cook,Alexander Potapenko,rejects-valid,https://bugs.llvm.org/show_bug.cgi?id=44916,2020/2/21,2020/2/14,7,llvm,2,,,,,,,
44916,linux,46d30cb,Kees Cook,Alexander Potapenko,rejects-valid,https://bugs.llvm.org/show_bug.cgi?id=44916,2020/2/21,2020/2/14,7,llvm,2,,,,,,,
44916,linux,161d179,Kees Cook,Alexander Potapenko,rejects-valid,https://bugs.llvm.org/show_bug.cgi?id=44916,2020/2/21,2020/2/14,7,llvm,2,,,,,,,
44916,linux,9038ec9,Kees Cook,Alexander Potapenko,rejects-valid,https://bugs.llvm.org/show_bug.cgi?id=44916,2020/2/21,2020/2/14,7,llvm,2,,,,,,,
92657,linux,42ae1a5,Arnd Bergmann,Adhemerval Zanella,optimization,https://gcc.gnu.org/bugzilla/show_bug.cgi?id=92657,2020/1/8,2019/11/25,44,gcc,2,,,,,,,
43759,linux,790756c,Nick Desaulniers,Jian Cai,diagnostic,https://bugs.llvm.org/show_bug.cgi?id=43759,2019/11/16,2019/10/21,26,llvm,2,,,,,,,
33845,linux,b0fe66c,Nathan Chancellor,Eli Friedman,wrong-code,https://bugs.llvm.org/show_bug.cgi?id=33845,2019/9/10,2017/7/18,784,llvm,2,,,,,,,
91432,linux,e2079e9,Nathan Chancellor,Joe Perches,diagnostic,https://gcc.gnu.org/bugzilla/show_bug.cgi?id=91432,2019/8/30,2019/8/13,17,gcc,2,,,,,,,
39382,linux,bfd7714,Joe Perches,Nick Desaulniers,diagnostic,https://bugs.llvm.org/show_bug.cgi?id=39382,2019/8/11,2018/10/22,293,llvm,2,,,,,,,
83431,linux,a195cef,Matteo Croce,Daniel Fruzynski,"diagnostic,optimization",https://gcc.gnu.org/bugzilla/show_bug.cgi?id=83431,2019/5/21,2017/12/14,523,gcc,2,,,,,,,
19749,linux,be604c6,Kees Cook,Jon Roelofs,rejects-valid,https://bugs.llvm.org/show_bug.cgi?id=19749,2019/4/25,2014/5/14,1807,llvm,2,,,,,,,
41035,linux,5f074f3,Nick Desaulniers,Adhemerval Zanella,optimization,https://bugs.llvm.org/show_bug.cgi?id=41035,2019/4/6,2019/3/11,26,llvm,2,,,,,,,
86952,linux,a9d57ef,Daniel Borkmann,H.J. Lu,optimization,https://gcc.gnu.org/bugzilla/show_bug.cgi?id=86952,2019/3/28,2018/8/14,226,gcc,2,,,,,,,
33587,linux,a9c640a,Nick Desaulniers,Dmitry Golovin,rejects-valid,https://bugs.llvm.org/show_bug.cgi?id=33587,2019/3/21,2017/6/25,634,llvm,2,,,,,,,
81715,linux,a8e911d,Qian Cai,Arnd Bergmann,rejects-valid,https://gcc.gnu.org/bugzilla/show_bug.cgi?id=81715,2019/2/2,2017/8/4,547,gcc,2,,,,,,,
53119,linux,9a71ac7,Alexey Kardashevskiy,Rich Felker,diagnostic,https://gcc.gnu.org/bugzilla/show_bug.cgi?id=53119,2019/1/23,2012/4/25,2464,gcc,2,,,,,,,
31177,linux,e213574,Joel Stanley,Anton Blanchard,crash,https://bugs.llvm.org/show_bug.cgi?id=31177,2018/12/20,2016/11/28,752,llvm,2,,,,,,,
81715,linux,6e88306,Qian Cai,Arnd Bergmann,rejects-valid,https://gcc.gnu.org/bugzilla/show_bug.cgi?id=81715,2018/12/11,2017/8/4,494,gcc,2,,,,,,,
38774,linux,ac3e233,Nick Desaulniers,Dmitry Golovin,rejects-valid,https://bugs.llvm.org/show_bug.cgi?id=38774,2018/12/8,2018/8/30,100,llvm,2,,,,,,,
84210,linux,1c23b41,Arnd Bergmann,Andrey Ryabinin,wrong-code,https://gcc.gnu.org/bugzilla/show_bug.cgi?id=84210,2018/11/19,2018/2/5,287,gcc,2,,,,,,,
39410,linux,437e88a,Nathan Chancellor,Nick Desaulniers,rejects-valid,https://bugs.llvm.org/show_bug.cgi?id=39410,2018/11/5,2018/10/23,13,llvm,2,,,,,,,
82365,linux,fe0640e,ndesaulniers@google.com,Christophe Lyon,optimization,https://gcc.gnu.org/bugzilla/show_bug.cgi?id=82365,2018/10/19,2017/9/29,385,gcc,2,,,,,,,
67368,linux,dde709d,Vasily Gorbik,Wojciech Mula,rejects-valid,https://gcc.gnu.org/bugzilla/show_bug.cgi?id=67368,2018/10/9,2015/8/27,1139,gcc,2,,,,,,,
10676,linux,183e19f,Sean Young,Not Found,rejects-valid,https://gcc.gnu.org/bugzilla/show_bug.cgi?id=10676,2018/10/5,2003/5/8,5629,gcc,2,,,,,,,
44290,linux,d124b44,Miguel Ojeda,Khem Raj,wrong-code,https://gcc.gnu.org/bugzilla/show_bug.cgi?id=44290,2018/9/20,2010/5/27,3038,gcc,2,,,,,,,
38642,linux,ed6ed11,Ard Biesheuvel,Nick Desaulniers,wrong-code,https://bugs.llvm.org/show_bug.cgi?id=38642,2018/9/4,2018/8/20,15,llvm,2,,,,,,,
53119,linux,1a2eaed,Leo (Sunpeng) Li,Rich Felker,diagnostic,https://gcc.gnu.org/bugzilla/show_bug.cgi?id=53119,2018/7/14,2012/4/25,2271,gcc,2,,,,,,,
37512,linux,d0a8d93,Nick Desaulniers,Manoj Gupta,diagnostic,https://bugs.llvm.org/show_bug.cgi?id=37512,2018/7/3,2018/5/17,47,llvm,2,,,,,,,
85602,linux,4bb8b65,Arnd Bergmann,Paul Eggert,diagnostic,https://gcc.gnu.org/bugzilla/show_bug.cgi?id=85602,2018/6/7,2018/5/2,36,gcc,2,,,,,,,
18538,linux,87e0d4f,Daniel Borkmann,Kazutoshi SATODA,optimization,https://bugs.llvm.org/show_bug.cgi?id=18538,2018/3/21,2014/1/19,1522,llvm,2,,,,,,,
69249,linux,a398e04,Arnd Bergmann,Ilia Kolominsky,diagnostic,https://gcc.gnu.org/bugzilla/show_bug.cgi?id=69249,2018/3/6,2016/1/12,784,gcc,2,,,,,,,
82411,linux,51d42f0,Segher Boessenkool,Kees Cook,diagnostic,https://gcc.gnu.org/bugzilla/show_bug.cgi?id=82411,2018/3/6,2017/10/2,155,gcc,2,,,,,,,
83456,linux,ca79bec,Arnd Bergmann,Martin Sebor,diagnostic,https://gcc.gnu.org/bugzilla/show_bug.cgi?id=83456,2018/2/23,2017/12/17,68,gcc,2,,,,,,,
82365,linux,173a3ef,Arnd Bergmann,Christophe Lyon,optimization,https://gcc.gnu.org/bugzilla/show_bug.cgi?id=82365,2018/2/22,2017/9/29,146,gcc,2,,,,,,,
84129,linux,67870eb,Arnd Bergmann,Tamar Christina,rejects-valid,https://gcc.gnu.org/bugzilla/show_bug.cgi?id=84129,2018/2/16,2018/1/30,17,gcc,2,,,,,,,
82103,linux,ff5fdaf,Nicolas Pitre,Arnd Bergmann,diagnostic,https://gcc.gnu.org/bugzilla/show_bug.cgi?id=82103,2018/1/21,2017/9/4,139,gcc,2,,,,,,,
82365,linux,146734b,Arnd Bergmann,Christophe Lyon,optimization,https://gcc.gnu.org/bugzilla/show_bug.cgi?id=82365,2017/12/15,2017/9/29,77,gcc,2,,,,,,,
10676,linux,0a44594,Imre Deak,Not Found,rejects-valid,http://gcc.gnu.org/bugzilla/show_bug.cgi?id=10676,2017/8/15,2003/5/8,5213,gcc,2,,,,,,,
58145,linux,381f20f,Davidlohr Bueso,Hans-Peter Nilsson,wrong-code,https://gcc.gnu.org/bugzilla/show_bug.cgi?id=58145,2017/6/9,2013/8/13,1396,gcc,2,,,,,,,
10676,linux,a83827d,Thomas Gleixner,Not Found,rejects-valid,https://gcc.gnu.org/bugzilla/show_bug.cgi?id=10676,2017/4/17,2003/5/8,5093,gcc,2,,,,,,,
42109,linux,61b79e1,Josh Poimboeuf,Thomas Gleixner,wrong-code,https://gcc.gnu.org/bugzilla/show_bug.cgi?id=42109,2017/3/29,2009/11/19,2687,gcc,2,,,,,,,
72785,linux,474c901,Linus Torvalds,Markus Trippelsdorf,environment,https://gcc.gnu.org/bugzilla/show_bug.cgi?id=72785,2017/3/3,2016/8/3,212,gcc,2,,,,,,,
11488,linux,7d6e910,Arnd Bergmann,Falk Hueffner,optimization,https://gcc.gnu.org/bugzilla/show_bug.cgi?id=11488,2017/2/11,2003/7/10,4965,gcc,2,,,,,,,
56955,linux,d64e85d,Rasmus Villemoes,Dan Gohman,documentation,https://gcc.gnu.org/bugzilla/show_bug.cgi?id=56955,2016/5/20,2013/4/14,1132,gcc,2,,,,,,,
52624,linux,8634de6,Josh Poimboeuf,H.J. Lu,rejects-valid,https://gcc.gnu.org/bugzilla/show_bug.cgi?id=52624,2016/5/10,2012/3/19,1513,gcc,2,,,,,,,
66122,linux,7322dd7,Arnd Bergmann,Denis Vlasenko,optimization,https://gcc.gnu.org/bugzilla/show_bug.cgi?id=66122,2016/5/6,2015/5/12,360,gcc,2,,,,,,,
70646,linux,7322dd7,Arnd Bergmann,Josh Poimboeuf,wrong-code,https://gcc.gnu.org/bugzilla/show_bug.cgi?id=70646,2016/5/6,2016/4/13,23,gcc,2,,,,,,,
70128,linux,208fae5,Nicolas Pitre,Jakub Jelinek,optimization,https://gcc.gnu.org/bugzilla/show_bug.cgi?id=70128,2016/4/8,2016/3/7,32,gcc,2,,,,,,,
68836,linux,8488335,Arnaldo Carvalho de Melo,Martin Liška,wrong-code,https://gcc.gnu.org/bugzilla/show_bug.cgi?id=68836,2015/12/11,2015/12/10,1,gcc,2,,,,,,,
57157,linux,d7e35df,Sasha Levin,Niels Möller,optimization,https://gcc.gnu.org/bugzilla/show_bug.cgi?id=57157,2015/12/10,2013/5/3,951,gcc,2,,,,,,,
67368,linux,d976441,Andrey Ryabinin,Wojciech Mula,rejects-valid,https://gcc.gnu.org/bugzilla/show_bug.cgi?id=67368,2015/10/20,2015/8/27,54,gcc,2,,,,,,,
55777,linux,71a0a72,Yousong Zhou,Steve Ellcey,rejects-valid,https://gcc.gnu.org/bugzilla/show_bug.cgi?id=55777,2015/10/5,2012/12/21,1018,gcc,2,,,,,,,
55777,linux,1bb3bf6,Yousong Zhou,Steve Ellcey,rejects-valid,https://gcc.gnu.org/bugzilla/show_bug.cgi?id=55777,2015/10/5,2012/12/21,1018,gcc,2,,,,,,,
67055,linux,66e8c57,Oleg Nesterov,Henning Baldersheim,crash,https://gcc.gnu.org/bugzilla/show_bug.cgi?id=67055,2015/9/21,2015/7/29,54,gcc,2,,,,,,,
65932,linux,a077224,Ard Biesheuvel,Christian Eggers,wrong-code,https://gcc.gnu.org/bugzilla/show_bug.cgi?id=65932,2015/9/7,2015/4/29,131,gcc,2,,,,,,,
53383,linux,b2c5110,Andy Lutomirski,H. Peter Anvin,rejects-valid,https://gcc.gnu.org/bugzilla/show_bug.cgi?id=53383,2015/7/22,2012/5/17,1161,gcc,2,,,,,,,
58145,linux,4d3199e,Davidlohr Bueso,Hans-Peter Nilsson,wrong-code,https://gcc.gnu.org/bugzilla/show_bug.cgi?id=58145,2015/2/24,2013/8/13,560,gcc,2,,,,,,,
52181,linux,f5e38b9,Daniel Borkmann,Jakub Jelinek,wrong-code,https://gcc.gnu.org/bugzilla/show_bug.cgi?id=52181,2015/2/14,2012/2/9,1101,gcc,2,,,,,,,
58145,linux,38c5ce9,Christian Borntraeger,Hans-Peter Nilsson,wrong-code,https://gcc.gnu.org/bugzilla/show_bug.cgi?id=58145,2015/1/19,2013/8/13,524,gcc,2,,,,,,,
58145,linux,1760f1e,Christian Borntraeger,Hans-Peter Nilsson,wrong-code,https://gcc.gnu.org/bugzilla/show_bug.cgi?id=58145,2015/1/19,2013/8/13,524,gcc,2,,,,,,,
58145,linux,da1a288,Christian Borntraeger,Hans-Peter Nilsson,wrong-code,https://gcc.gnu.org/bugzilla/show_bug.cgi?id=58145,2015/1/19,2013/8/13,524,gcc,2,,,,,,,
58145,linux,5ee0761,Christian Borntraeger,Hans-Peter Nilsson,wrong-code,https://gcc.gnu.org/bugzilla/show_bug.cgi?id=58145,2015/1/19,2013/8/13,524,gcc,2,,,,,,,
58145,linux,5de72a2,Christian Borntraeger,Hans-Peter Nilsson,wrong-code,https://gcc.gnu.org/bugzilla/show_bug.cgi?id=58145,2014/12/18,2013/8/13,492,gcc,2,,,,,,,
58145,linux,488beef,Christian Borntraeger,Hans-Peter Nilsson,wrong-code,https://gcc.gnu.org/bugzilla/show_bug.cgi?id=58145,2014/12/18,2013/8/13,492,gcc,2,,,,,,,
58145,linux,af2e7aa,Christian Borntraeger,Hans-Peter Nilsson,wrong-code,https://gcc.gnu.org/bugzilla/show_bug.cgi?id=58145,2014/12/18,2013/8/13,492,gcc,2,,,,,,,
58145,linux,4218091,Christian Borntraeger,Hans-Peter Nilsson,wrong-code,https://gcc.gnu.org/bugzilla/show_bug.cgi?id=58145,2014/12/18,2013/8/13,492,gcc,2,,,,,,,
58145,linux,14cf3d9,Christian Borntraeger,Hans-Peter Nilsson,wrong-code,https://gcc.gnu.org/bugzilla/show_bug.cgi?id=58145,2014/12/18,2013/8/13,492,gcc,2,,,,,,,
58145,linux,4f9d138,Christian Borntraeger,Hans-Peter Nilsson,wrong-code,https://gcc.gnu.org/bugzilla/show_bug.cgi?id=58145,2014/12/18,2013/8/13,492,gcc,2,,,,,,,
58145,linux,e37c698,Christian Borntraeger,Hans-Peter Nilsson,wrong-code,https://gcc.gnu.org/bugzilla/show_bug.cgi?id=58145,2014/12/18,2013/8/13,492,gcc,2,,,,,,,
58145,linux,230fa25,Christian Borntraeger,Hans-Peter Nilsson,wrong-code,https://gcc.gnu.org/bugzilla/show_bug.cgi?id=58145,2014/12/18,2013/8/13,492,gcc,2,,,,,,,
22278,linux,1365039,Christian Borntraeger,Not Found,documentation,https://gcc.gnu.org/bugzilla/show_bug.cgi?id=22278,2014/11/7,2005/7/2,3415,gcc,2,,,,,,,
58145,linux,1365039,Christian Borntraeger,Hans-Peter Nilsson,wrong-code,https://gcc.gnu.org/bugzilla/show_bug.cgi?id=58145,2014/11/7,2013/8/13,451,gcc,2,,,,,,,
10676,linux,a060dc5,James Hogan,Not Found,rejects-valid,https://gcc.gnu.org/bugzilla/show_bug.cgi?id=10676,2014/9/16,2003/5/8,4149,gcc,2,,,,,,,
61801,linux,2062afb,Linus Torvalds,Richard Biener,optimization,https://gcc.gnu.org/bugzilla/show_bug.cgi?id=61801,2014/7/27,2014/7/14,13,gcc,2,,,,,,,
10676,linux,abb43f6,Mathieu Desnoyers,Not Found,rejects-valid,http://gcc.gnu.org/bugzilla/show_bug.cgi?id=10676,2014/4/10,2003/5/8,3990,gcc,2,,,,,,,
58670,linux,a9f1803,Steven Noonan,Jakub Jelinek,wrong-code,http://gcc.gnu.org/bugzilla/show_bug.cgi?id=58670,2014/2/13,2013/10/9,127,gcc,2,,,,,,,
58670,linux,3f0116c,Ingo Molnar,Jakub Jelinek,wrong-code,http://gcc.gnu.org/bugzilla/show_bug.cgi?id=58670,2013/10/11,2013/10/9,2,gcc,2,,,,,,,
10676,linux,6833d83,Christoffer Dall,Not Found,rejects-valid,http://gcc.gnu.org/bugzilla/show_bug.cgi?id=10676,2013/8/31,2003/5/8,3768,gcc,2,,,,,,,
52080,linux,60bc851,Eric Dumazet,Richard Biener,wrong-code,http://gcc.gnu.org/bugzilla/show_bug.cgi?id=52080,2013/5/2,2012/2/1,456,gcc,2,,,,,,,
48880,linux,2fb0815,Guenter Roeck,Witold Baryluk,rejects-valid,http://gcc.gnu.org/bugzilla/show_bug.cgi?id=48880,2013/4/30,2011/5/5,726,gcc,2,,,,,,,
46453,linux,7f2de81,Linus Torvalds,Not Found,optimization,http://gcc.gnu.org/bugzilla/show_bug.cgi?id=46453,2012/12/19,2010/11/12,768,gcc,2,,,,,,,
54983,linux,7629a9f,Will Deacon,Bastian Hecht,wrong-code,http://gcc.gnu.org/bugzilla/show_bug.cgi?id=54983,2012/10/29,2012/10/19,10,gcc,2,,,,,,,
46226,linux,45f81b1,Steven Rostedt,Richard Henderson,wrong-code,http://gcc.gnu.org/bugzilla/show_bug.cgi?id=46226,2010/10/30,2010/10/29,1,gcc,2,,,,,,,
44631,linux,f8324e2,Mikael Pettersson,Matthias Klose,wrong-code,http://gcc.gnu.org/bugzilla/show_bug.cgi?id=44631,2010/7/21,2010/6/22,29,gcc,2,,,,,,,
44492,linux,398aa66,Will Deacon,Jakub Jelinek,wrong-code,http://gcc.gnu.org/bugzilla/show_bug.cgi?id=44492,2010/7/9,2010/6/10,29,gcc,2,,,,,,,
44129,linux,1244829,Andi Kleen,Bruce Dubbs,wrong-code,http://gcc.gnu.org/bugzilla/show_bug.cgi?id=44129,2010/6/19,2010/5/14,36,gcc,2,,,,,,,
28230,linux,a137802,Linus Torvalds,Pawel Sikora,wrong-code,http://gcc.gnu.org/bugzilla/show_bug.cgi?id=28230,2009/7/13,2006/7/3,1106,gcc,2,,,,,,,
27781,linux,f9d1425,Linus Torvalds,Jan Kiszka,wrong-code,http://gcc.gnu.org/bugzilla/show_bug.cgi?id=27781,2009/1/3,2006/5/28,951,gcc,2,,,,,,,
27781,linux,4037500,Ralf Baechle,Jan Kiszka,wrong-code,http://gcc.gnu.org/bugzilla/show_bug.cgi?id=27781,2007/12/15,2006/5/28,566,gcc,2,,,,,,,
10153,linux,e001548,Herbert Xu,Not Found,wrong-code,http://gcc.gnu.org/bugzilla/show_bug.cgi?id=10153,2007/1/23,2003/3/19,1406,gcc,2,,,,,,,
11406,linux,1e17fb8,Clement Courbet,Not Found,wrong-code,https://bugs.llvm.org/show_bug.cgi?id=11406,2021/3/10,2011/11/19,3399,llvm,2,,,,,,,
34019,openbsd,18b70c1,robert,Robert Nagy,wrong-code,https://bugs.llvm.org/show_bug.cgi?id=34019,2017/9/29,2017/8/1,59,llvm,1,,,,,,,
74632,openbsd,d6514e0,claudio,Miod Vallat,rejects-valid,https://github.com/llvm/llvm-project/issues/74632,2023/12/14,2023/12/7,7,llvm issues,2,,,,,,,
98946,openbsd,27d6422,pascal,Manoj Gupta,wrong-code,https://gcc.gnu.org/bugzilla/show_bug.cgi?id=98946,2021/7/30,2021/2/2,178,gcc,2,,,,,,,
47921,openbsd,c968ca6,gkoehler,Anthony Richardby,rejects-valid,https://bugs.llvm.org/show_bug.cgi?id=47921,2020/11/20,2020/10/20,31,llvm,2,,,,,,,
45274,openbsd,c090f20,gkoehler,Piotr Kubaj,crash,https://bugs.llvm.org/show_bug.cgi?id=45274,2020/9/11,2020/3/22,173,llvm,2,,,,,,,
28322,openbsd,cec5ac9,espie,Debian GCC Maintainers,diagnostic,https://gcc.gnu.org/bugzilla/show_bug.cgi?id=28322,2017/5/9,2006/7/8,3958,gcc,2,,,,,,,
39219,openbsd,26cf605,jsg,Martin Sebor,wrong-code,https://gcc.gnu.org/bugzilla/show_bug.cgi?id=39219,2015/10/7,2009/2/17,2423,gcc,2,,,,,,,
20218,openbsd,8529ddd,kettenis,H.J. Lu,diagnostic,https://gcc.gnu.org/bugzilla/show_bug.cgi?id=20218,2015/5/19,2005/2/25,3735,gcc,2,,,,,,,
17327,openbsd,0ec0601,fgsch,Lars Hansen,rejects-valid,http://gcc.gnu.org/bugzilla/show_bug.cgi?id=17327,2010/1/10,2004/9/5,1953,gcc,2,,,,,,,
18300,openbsd,aef8050,wilfried,Not Found,optimization,http://gcc.gnu.org/bugzilla/show_bug.cgi?id=18300,2006/10/31,2004/11/4,726,gcc,2,,,,,,,
1180800,reactos,2aca4b2,Timo Kreuzer,Timo Kreuzer,wrong-code,https://developercommunity.visualstudio.com/content/problem/1180800,2020/9/12,2020/9/10,2,msvc,1,,,,,,,
1503629,reactos,535332,Timo Kreuzer,Timo Kreuzer,wrong-code,https://developercommunity.visualstudio.com/t/Broken-runtime-checks-with-CL-19293013/1503629,2021/9/12,2021/8/14,29,msvc,1,,,,,,,
95942,reactos,bedc16d,Timo Kreuzer,Sergei Trofimovich,rejects-valid,https://gcc.gnu.org/bugzilla/show_bug.cgi?id=95942,2024/4/11,2020/6/27,1384,gcc,2,,,,,,,
53119,reactos,4130f0b,Joachim Henze,Rich Felker,diagnostic,https://gcc.gnu.org/bugzilla/show_bug.cgi?id=53119,2021/6/24,2012/4/25,3347,gcc,2,,,,,,,
746534,reactos,70bcd0f,Timo Kreuzer,Ianier Munoz,rejects-valid,https://developercommunity.visualstudio.com/content/problem/746534,2019/11/24,2019/9/25,60,msvc,2,,,,,,,
38054,reactos,1bd07ee,KJK::Hyperion,Dmitry Gorbachev,crash,http://gcc.gnu.org/bugzilla/show_bug.cgi?id=38054,2008/12/1,2008/11/7,24,gcc,2,,,,,,,
27067,reactos,feee728,KJK::Hyperion,Wlodek Szafran,rejects-valid,http://gcc.gnu.org/bugzilla/show_bug.cgi?id=27067,2008/11/30,2006/4/6,969,gcc,2,,,,,,,
17982,reactos,c086cc2,KJK::Hyperion,Andreas Schwab,wrong-code,http://gcc.gnu.org/bugzilla/show_bug.cgi?id=17982,2008/11/24,2004/10/13,1503,gcc,2,,,,,,,
38054,reactos,c086cc2,KJK::Hyperion,Dmitry Gorbachev,crash,http://gcc.gnu.org/bugzilla/show_bug.cgi?id=38054,2008/11/24,2008/11/7,17,gcc,2,,,,,,,
17982,reactos,0cc5134,KJK::Hyperion,Andreas Schwab,wrong-code,http://gcc.gnu.org/bugzilla/show_bug.cgi?id=17982,2008/11/24,2004/10/13,1503,gcc,2,,,,,,,
38054,reactos,0cc5134,KJK::Hyperion,Dmitry Gorbachev,crash,http://gcc.gnu.org/bugzilla/show_bug.cgi?id=38054,2008/11/24,2008/11/7,17,gcc,2,,,,,,,
10153,reactos,28d278b,KJK::Hyperion,Not Found,wrong-code,http://gcc.gnu.org/bugzilla/show_bug.cgi?id=10153,2005/5/28,2003/3/19,801,gcc,2,,,,,,,
10153,reactos,b670149,Filip Navara,Not Found,wrong-code,http://gcc.gnu.org/bugzilla/show_bug.cgi?id=10153,2005/2/16,2003/3/19,700,gcc,2,,,,,,,
114784,serenity,cc92c3f,Daniel Bertalan,Daniel Bertalan,rejects-valid,https://gcc.gnu.org/bugzilla/show_bug.cgi?id=114784,2024/4/21,2024/4/19,2,gcc,1,,,,,,,
67260,serenity,6f972c1,Daniel Bertalan,Daniel Bertalan,crash,https://github.com/llvm/llvm-project/issues/67260,2023/11/6,2023/9/24,43,llvm issues,1,,,,,,,
109727,serenity,8df5bd5,Daniel Bertalan,Daniel Bertalan,diagnostic,https://gcc.gnu.org/bugzilla/show_bug.cgi?id=109727,2023/5/15,2023/5/4,11,gcc,1,,,,,,,
109683,serenity,00b4976,Daniel Bertalan,Daniel Bertalan,rejects-valid,https://gcc.gnu.org/bugzilla/show_bug.cgi?id=109683,2023/5/2,2023/5/1,1,gcc,1,,,,,,,
61775,serenity,0016f63,Daniel Bertalan,Daniel Bertalan,diagnostic,https://github.com/llvm/llvm-project/issues/61775,2023/3/30,2023/3/29,1,llvm issues,1,,,,,,,
54018,serenity,48a28cf,Nico Weber,Igor Zhukov,diagnostic,https://github.com/llvm/llvm-project/issues/54018,2025/1/2,2022/2/23,1044,llvm issues,2,,,,,,,
115664,serenity,a06c27c,Daniel Bertalan,Pierre Ossman,diagnostic,https://gcc.gnu.org/bugzilla/show_bug.cgi?id=115664,2024/7/23,2024/6/26,27,gcc,2,,,,,,,
64706,serenity,56b7f9e,Dan Klishch,Connor Horman,rejects-valid,https://github.com/llvm/llvm-project/issues/64706,2024/7/13,2023/8/15,333,llvm issues,2,,,,,,,
51182,serenity,637ccac,Daniel Bertalan,llvmbot,rejects-valid,https://github.com/llvm/llvm-project/issues/51182,2024/5/30,2021/9/14,989,llvm issues,2,,,,,,,
97202,serenity,cc92c3f,Daniel Bertalan,tangyixuan,diagnostic,https://gcc.gnu.org/bugzilla/show_bug.cgi?id=97202,2024/4/21,2020/9/25,1304,gcc,2,,,,,,,
111632,serenity,3b84b03,Andrew Kaster,Dimitry Andric,environment,https://gcc.gnu.org/bugzilla/show_bug.cgi?id=111632,2024/4/17,2023/9/28,202,gcc,2,,,,,,,
102725,serenity,fd3e3d5,Daniel Bertalan,Martin Liška,documentation,https://gcc.gnu.org/bugzilla/show_bug.cgi?id=102725,2022/5/12,2021/10/13,211,gcc,2,,,,,,,
39634,serenity,1faffc2,Daniel Bertalan,Carlo Kok,diagnostic,https://bugs.llvm.org/show_bug.cgi?id=39634,2021/10/18,2018/11/12,1071,llvm,2,,,,,,,
88144,serenity,7fb41d6,Daniel Bertalan,Not Found,diagnostic,https://gcc.gnu.org/bugzilla/show_bug.cgi?id=88144,2021/8/8,2018/11/22,990,gcc,2,,,,,,,
92875,zephyr,d4e48d5,Alberto Escolar Piedras,anders@wahrzeichnen.de,wrong-code,https://gcc.gnu.org/bugzilla/show_bug.cgi?id=92875,2023/8/14,2019/12/9,1344,gcc,2,,,,,,,
48983,zephyr,8027072,Reto Schneider,Adriaan de Groot,wrong-code,https://github.com/llvm/llvm-project/issues/48983,2022/8/2,2021/3/19,501,llvm issues,2,,,,,,,
11740,zephyr,0b09ca8,Daniel Leung,Nick Lewycky,rejects-valid,https://bugs.llvm.org/show_bug.cgi?id=11740,2022/2/2,2012/1/10,3676,llvm,2,,,,,,,
11740,zephyr,deeb98d,Daniel Leung,Nick Lewycky,rejects-valid,https://bugs.llvm.org/show_bug.cgi?id=11740,2022/1/26,2012/1/10,3669,llvm,2,,,,,,,
10676,zephyr,9602c65,Daniel Leung,Not Found,rejects-valid,https://gcc.gnu.org/bugzilla/show_bug.cgi?id=10676,2019/12/13,2003/5/8,6063,gcc,2,,,,,,,
49653,zephyr,5f353e0,Daniel Leung,Gary Funck,rejects-valid,https://gcc.gnu.org/bugzilla/show_bug.cgi?id=49653,2016/2/6,2011/7/5,1677,gcc,2,,,,,,,
49653,zephyr,03066f2,Daniel Leung,Gary Funck,rejects-valid,https://gcc.gnu.org/bugzilla/show_bug.cgi?id=49653,2016/2/6,2011/7/5,1677,gcc,2,,,,,,,
49653,zephyr,ed9cdac,Daniel Leung,Gary Funck,rejects-valid,https://gcc.gnu.org/bugzilla/show_bug.cgi?id=49653,2016/2/6,2011/7/5,1677,gcc,2,,,,,,,
49653,zephyr,94718c7,Daniel Leung,Gary Funck,rejects-valid,https://gcc.gnu.org/bugzilla/show_bug.cgi?id=49653,2016/2/6,2011/7/5,1677,gcc,2,,,,,,,
