Record ID,Bug ID,Author,Source,URL,Project,CommitDate
eb56b10,45781,ezrec,gcc,http://gcc.gnu.org/bugzilla/show_bug.cgi?id=45781,aros,2013-06-03
aac5b3d,51969,ezrec,gcc,http://gcc.gnu.org/bugzilla/show_bug.cgi?id=51969,aros,2012-11-29
f32e563,44511,rlibby,gcc,https://gcc.gnu.org/bugzilla/show_bug.cgi?id=44511,freebsd,2020-12-12
6d75905,44511,Ryan Libby,gcc,https://gcc.gnu.org/bugzilla/show_bug.cgi?id=44511,freebsd,2020-12-12
9f897bf,47660,dim,llvm,https://bugs.llvm.org/show_bug.cgi?id=47660,freebsd,2020-11-08
1ee2434,47660,Dimitry Andric,llvm,https://bugs.llvm.org/show_bug.cgi?id=47660,freebsd,2020-11-08
89c1e83,44351,arichardson,llvm,https://bugs.llvm.org/show_bug.cgi?id=44351,freebsd,2020-10-14
a31993f,44351,Alex Richardson,llvm,https://bugs.llvm.org/show_bug.cgi?id=44351,freebsd,2020-10-14
5a8dc1c,66425,arichardson,gcc,https://gcc.gnu.org/bugzilla/show_bug.cgi?id=66425,freebsd,2020-09-10
0a81de3,66425,Alex Richardson,gcc,https://gcc.gnu.org/bugzilla/show_bug.cgi?id=66425,freebsd,2020-09-10
2005f26,47041,dim,llvm,https://bugs.llvm.org/show_bug.cgi?id=47041,freebsd,2020-08-18
987992b,47041,Dimitry Andric,llvm,https://bugs.llvm.org/show_bug.cgi?id=47041,freebsd,2020-08-18
5006722,47041,dim,llvm,https://bugs.llvm.org/show_bug.cgi?id=47041,freebsd,2020-08-18
30e9d23,47041,Dimitry Andric,llvm,https://bugs.llvm.org/show_bug.cgi?id=47041,freebsd,2020-08-18
b70eba5,47041,dim,llvm,https://bugs.llvm.org/show_bug.cgi?id=47041,freebsd,2020-08-17
b4e0f67,47041,Dimitry Andric,llvm,https://bugs.llvm.org/show_bug.cgi?id=47041,freebsd,2020-08-17
a362d17,47181,dim,llvm,https://bugs.llvm.org/show_bug.cgi?id=47181,freebsd,2020-08-16
9ff1cc5,47181,Dimitry Andric,llvm,https://bugs.llvm.org/show_bug.cgi?id=47181,freebsd,2020-08-16
dd5d004,43976,dim,llvm,https://bugs.llvm.org/show_bug.cgi?id=43976,freebsd,2020-04-21
5c94a87,43976,Dimitry Andric,llvm,https://bugs.llvm.org/show_bug.cgi?id=43976,freebsd,2020-04-21
6f7003b,40554,dim,llvm,https://bugs.llvm.org/show_bug.cgi?id=40554,freebsd,2020-04-16
6f7003b,45186,dim,llvm,https://bugs.llvm.org/show_bug.cgi?id=45186,freebsd,2020-04-16
f64e2fa,40554,Dimitry Andric,llvm,https://bugs.llvm.org/show_bug.cgi?id=40554,freebsd,2020-04-16
f64e2fa,45186,Dimitry Andric,llvm,https://bugs.llvm.org/show_bug.cgi?id=45186,freebsd,2020-04-16
72724ec,41083,dim,llvm,https://bugs.llvm.org/show_bug.cgi?id=41083,freebsd,2020-03-19
e39dad6,41083,Dimitry Andric,llvm,https://bugs.llvm.org/show_bug.cgi?id=41083,freebsd,2020-03-19
146b3c6,43839,dim,llvm,https://bugs.llvm.org/show_bug.cgi?id=43839,freebsd,2020-03-07
fc7efa1,43839,Dimitry Andric,llvm,https://bugs.llvm.org/show_bug.cgi?id=43839,freebsd,2020-03-07
aac336d,44715,dim,llvm,https://bugs.llvm.org/show_bug.cgi?id=44715,freebsd,2020-03-05
a2037db,44715,Dimitry Andric,llvm,https://bugs.llvm.org/show_bug.cgi?id=44715,freebsd,2020-03-05
2a168f0,44396,Dimitry Andric,llvm,https://bugs.llvm.org/show_bug.cgi?id=44396,freebsd,2020-01-02
4599184,44396,dim,llvm,https://bugs.llvm.org/show_bug.cgi?id=44396,freebsd,2020-01-02
88eb44d,92718,Ryan Libby,gcc,https://gcc.gnu.org/bugzilla/show_bug.cgi?id=92718,freebsd,2019-11-29
867c75c,92718,rlibby,gcc,https://gcc.gnu.org/bugzilla/show_bug.cgi?id=92718,freebsd,2019-11-29
8b1412a,43402,Dimitry Andric,llvm,https://bugs.llvm.org/show_bug.cgi?id=43402,freebsd,2019-09-24
3538987,43402,dim,llvm,https://bugs.llvm.org/show_bug.cgi?id=43402,freebsd,2019-09-24
ceb1981,43269,Dimitry Andric,llvm,https://bugs.llvm.org/show_bug.cgi?id=43269,freebsd,2019-09-14
24b1a5b,43269,dim,llvm,https://bugs.llvm.org/show_bug.cgi?id=43269,freebsd,2019-09-14
211f2e5,43121,Dimitry Andric,llvm,https://bugs.llvm.org/show_bug.cgi?id=43121,freebsd,2019-09-07
211f2e5,41121,Dimitry Andric,llvm,https://bugs.llvm.org/show_bug.cgi?id=41121,freebsd,2019-09-07
b7e6cfc,43121,dim,llvm,https://bugs.llvm.org/show_bug.cgi?id=43121,freebsd,2019-09-07
b7e6cfc,41121,dim,llvm,https://bugs.llvm.org/show_bug.cgi?id=41121,freebsd,2019-09-07
24ea146,43212,Dimitry Andric,llvm,https://bugs.llvm.org/show_bug.cgi?id=43212,freebsd,2019-09-06
2291b00,43212,dim,llvm,https://bugs.llvm.org/show_bug.cgi?id=43212,freebsd,2019-09-06
4b3b82a,43119,Kyle Evans,llvm,https://bugs.llvm.org/show_bug.cgi?id=43119,freebsd,2019-09-02
6bddb14,43119,kevans,llvm,https://bugs.llvm.org/show_bug.cgi?id=43119,freebsd,2019-09-02
d80439b,31181,Dimitry Andric,llvm,https://bugs.llvm.org/show_bug.cgi?id=31181,freebsd,2019-07-02
d80439b,41998,Dimitry Andric,llvm,https://bugs.llvm.org/show_bug.cgi?id=41998,freebsd,2019-07-02
ec796a0,31181,dim,llvm,https://bugs.llvm.org/show_bug.cgi?id=31181,freebsd,2019-07-02
ec796a0,41998,dim,llvm,https://bugs.llvm.org/show_bug.cgi?id=41998,freebsd,2019-07-02
0b30b98,42010,Dimitry Andric,llvm,https://bugs.llvm.org/show_bug.cgi?id=42010,freebsd,2019-05-26
b9ba849,42010,dim,llvm,https://bugs.llvm.org/show_bug.cgi?id=42010,freebsd,2019-05-26
6889af8,41417,Dimitry Andric,llvm,https://bugs.llvm.org/show_bug.cgi?id=41417,freebsd,2019-05-08
5446f43,41417,dim,llvm,https://bugs.llvm.org/show_bug.cgi?id=41417,freebsd,2019-05-08
94e9dcf,41116,Dimitry Andric,llvm,https://bugs.llvm.org/show_bug.cgi?id=41116,freebsd,2019-03-23
91e6811,41116,dim,llvm,https://bugs.llvm.org/show_bug.cgi?id=41116,freebsd,2019-03-23
e6ec44c,40986,Dimitry Andric,llvm,https://bugs.llvm.org/show_bug.cgi?id=40986,freebsd,2019-03-12
d64d00c,40986,dim,llvm,https://bugs.llvm.org/show_bug.cgi?id=40986,freebsd,2019-03-12
381ab04,40712,Dimitry Andric,llvm,https://bugs.llvm.org/show_bug.cgi?id=40712,freebsd,2019-02-14
844d2d3,40712,dim,llvm,https://bugs.llvm.org/show_bug.cgi?id=40712,freebsd,2019-02-14
54553da,38530,Dimitry Andric,llvm,https://bugs.llvm.org/show_bug.cgi?id=38530,freebsd,2019-02-13
cd43497,38530,dim,llvm,https://bugs.llvm.org/show_bug.cgi?id=38530,freebsd,2019-02-13
c232a6c,40206,Dimitry Andric,llvm,https://bugs.llvm.org/show_bug.cgi?id=40206,freebsd,2019-02-10
b11436d,40206,dim,llvm,https://bugs.llvm.org/show_bug.cgi?id=40206,freebsd,2019-02-10
bc8fc00,40206,Dimitry Andric,llvm,https://bugs.llvm.org/show_bug.cgi?id=40206,freebsd,2019-02-09
8eb3289,40206,dim,llvm,https://bugs.llvm.org/show_bug.cgi?id=40206,freebsd,2019-02-09
94ba333,40206,Dimitry Andric,llvm,https://bugs.llvm.org/show_bug.cgi?id=40206,freebsd,2019-02-09
3a3bb53,40206,dim,llvm,https://bugs.llvm.org/show_bug.cgi?id=40206,freebsd,2019-02-09
b371a9f,37538,Ed Maste,llvm,https://bugs.llvm.org/show_bug.cgi?id=37538,freebsd,2018-10-11
22612b4,37538,emaste,llvm,https://bugs.llvm.org/show_bug.cgi?id=37538,freebsd,2018-10-11
f545058,38798,Dimitry Andric,llvm,https://bugs.llvm.org/show_bug.cgi?id=38798,freebsd,2018-09-16
2430a7e,38798,dim,llvm,https://bugs.llvm.org/show_bug.cgi?id=38798,freebsd,2018-09-16
af5b964,34347,Dimitry Andric,llvm,https://bugs.llvm.org/show_bug.cgi?id=34347,freebsd,2018-08-18
ef28bd8,34347,dim,llvm,https://bugs.llvm.org/show_bug.cgi?id=34347,freebsd,2018-08-18
a0e8aab,36432,Dimitry Andric,gcc,https://gcc.gnu.org/bugzilla/show_bug.cgi?id=36432,freebsd,2018-06-11
4b1911f,36432,dim,gcc,https://gcc.gnu.org/bugzilla/show_bug.cgi?id=36432,freebsd,2018-06-11
6609261,83201,Konstantin Belousov,gcc,https://gcc.gnu.org/bugzilla/show_bug.cgi?id=83201,freebsd,2018-06-11
26c8a03,83201,kib,gcc,https://gcc.gnu.org/bugzilla/show_bug.cgi?id=83201,freebsd,2018-06-11
6ec30ab,37133,Dimitry Andric,llvm,https://bugs.llvm.org/show_bug.cgi?id=37133,freebsd,2018-04-14
5a917c0,37133,dim,llvm,https://bugs.llvm.org/show_bug.cgi?id=37133,freebsd,2018-04-14
c85e8ae,35724,dim,llvm,https://bugs.llvm.org/show_bug.cgi?id=35724,freebsd,2018-03-17
bf22ec6,35724,Dimitry Andric,llvm,https://bugs.llvm.org/show_bug.cgi?id=35724,freebsd,2018-03-17
18672e1,36116,dim,llvm,https://bugs.llvm.org/show_bug.cgi?id=36116,freebsd,2018-03-17
077d36a,36116,Dimitry Andric,llvm,https://bugs.llvm.org/show_bug.cgi?id=36116,freebsd,2018-03-17
14bd370,36577,dim,llvm,https://bugs.llvm.org/show_bug.cgi?id=36577,freebsd,2018-03-09
a3fedce,36577,Dimitry Andric,llvm,https://bugs.llvm.org/show_bug.cgi?id=36577,freebsd,2018-03-09
5a559c7,24239,jhibbits,gcc,https://gcc.gnu.org/bugzilla/show_bug.cgi?id=24239,freebsd,2018-02-11
e4803b1,24239,Justin Hibbits,gcc,https://gcc.gnu.org/bugzilla/show_bug.cgi?id=24239,freebsd,2018-02-11
89a9f9b,31362,dim,llvm,https://bugs.llvm.org/show_bug.cgi?id=31362,freebsd,2018-02-09
b1562cf,31362,Dimitry Andric,llvm,https://bugs.llvm.org/show_bug.cgi?id=31362,freebsd,2018-02-09
144a105,35788,dim,llvm,https://bugs.llvm.org/show_bug.cgi?id=35788,freebsd,2018-01-10
18a7633,35788,Dimitry Andric,llvm,https://bugs.llvm.org/show_bug.cgi?id=35788,freebsd,2018-01-10
5d163b0,35749,dim,llvm,https://bugs.llvm.org/show_bug.cgi?id=35749,freebsd,2017-12-29
2055323,35749,Dimitry Andric,llvm,https://bugs.llvm.org/show_bug.cgi?id=35749,freebsd,2017-12-29
5826cfa,31582,emaste,llvm,https://bugs.llvm.org/show_bug.cgi?id=31582,freebsd,2017-12-05
a6aca65,31582,Ed Maste,llvm,https://bugs.llvm.org/show_bug.cgi?id=31582,freebsd,2017-12-05
14adb10,35023,mmel,llvm,https://bugs.llvm.org/show_bug.cgi?id=35023,freebsd,2017-11-27
30347b7,35023,Michal Meloun,llvm,https://bugs.llvm.org/show_bug.cgi?id=35023,freebsd,2017-11-27
04dc31b,32142,dim,llvm,https://bugs.llvm.org/show_bug.cgi?id=32142,freebsd,2017-03-06
d754696,32142,Dimitry Andric,llvm,https://bugs.llvm.org/show_bug.cgi?id=32142,freebsd,2017-03-06
47616ff,78968,kib,gcc,https://gcc.gnu.org/bugzilla/show_bug.cgi?id=78968,freebsd,2017-01-08
b7c7684,78968,Konstantin Belousov,gcc,https://gcc.gnu.org/bugzilla/show_bug.cgi?id=78968,freebsd,2017-01-08
6976026,39219,pfg,gcc,https://gcc.gnu.org/bugzilla/show_bug.cgi?id=39219,freebsd,2015-10-12
e277c15,39219,Pedro F. Giffuni,gcc,https://gcc.gnu.org/bugzilla/show_bug.cgi?id=39219,freebsd,2015-10-12
1bb3c00,67888,rodrigc,gcc,https://gcc.gnu.org/bugzilla/show_bug.cgi?id=67888,freebsd,2015-10-08
4c92141,67888,Craig Rodrigues,gcc,https://gcc.gnu.org/bugzilla/show_bug.cgi?id=67888,freebsd,2015-10-08
76a5c6a,48211,dim,gcc,https://gcc.gnu.org/bugzilla/show_bug.cgi?id=48211,freebsd,2014-12-11
bf1cd11,48211,dim,gcc,https://gcc.gnu.org/bugzilla/show_bug.cgi?id=48211,freebsd,2014-12-05
b42a695,48211,Dimitry Andric,gcc,https://gcc.gnu.org/bugzilla/show_bug.cgi?id=48211,freebsd,2014-12-05
b3f67be,33256,Oleksandr Tymoshenko,gcc,http://gcc.gnu.org/bugzilla/show_bug.cgi?id=33256,freebsd,2012-05-01
e93013a,33256,gonzo,gcc,http://gcc.gnu.org/bugzilla/show_bug.cgi?id=33256,freebsd,2012-05-01
3fcd159,35965,fabient,gcc,http://gcc.gnu.org/bugzilla/show_bug.cgi?id=35965,freebsd,2011-11-09
da5a448,35965,Fabien Thomas,gcc,http://gcc.gnu.org/bugzilla/show_bug.cgi?id=35965,freebsd,2011-11-09
062f7fc,31899,bms,gcc,http://gcc.gnu.org/bugzilla/show_bug.cgi?id=31899,freebsd,2009-07-22
f667763,31899,Bruce M Simpson,gcc,http://gcc.gnu.org/bugzilla/show_bug.cgi?id=31899,freebsd,2009-07-22
a099abc,32500,ache,gcc,http://gcc.gnu.org/bugzilla/show_bug.cgi?id=32500,freebsd,2007-06-27
3f5b2c2,32500,Andrey A. Chernov,gcc,http://gcc.gnu.org/bugzilla/show_bug.cgi?id=32500,freebsd,2007-06-27
aef25be,99714,Nathan Chancellor,llvm issues,https://github.com/llvm/llvm-project/issues/99714,linux,2024-12-18
d938150,117912,Yafang shao,gcc,https://gcc.gnu.org/bugzilla/show_bug.cgi?id=117912,linux,2024-12-05
5fe6caa,85647,Andrej Shadura,llvm issues,https://github.com/llvm/llvm-project/issues/85647,linux,2024-11-15
5b188cc,116912,Sean Christopherson,gcc,https://gcc.gnu.org/bugzilla/show_bug.cgi?id=116912,linux,2024-11-05
0b98465,57031,Naveen N Rao,llvm issues,https://github.com/llvm/llvm-project/issues/57031,linux,2024-10-31
894b00a,117196,Marco Elver,gcc,https://gcc.gnu.org/bugzilla/show_bug.cgi?id=117196,linux,2024-10-23
f2f6a8e,113921,Mark Rutland,gcc,https://gcc.gnu.org/bugzilla/show_bug.cgi?id=113921,linux,2024-07-19
dbaaabd,20571,Linus Torvalds,llvm issues,https://github.com/llvm/llvm-project/issues/20571,linux,2024-05-23
dbaaabd,20571,Linus Torvalds,llvm issues,https://github.com/llvm/llvm-project/issues/20571,linux,2024-05-23
8092162,88119,Edward Liaw,llvm issues,https://github.com/llvm/llvm-project/issues/88119,linux,2024-04-25
9bf4e91,85647,Nathan Chancellor,llvm issues,https://github.com/llvm/llvm-project/issues/85647,linux,2024-04-25
81741e8,55520,Ricardo Ribalda,llvm issues,https://github.com/llvm/llvm-project/issues/55520,linux,2024-04-15
2abcd95,55520,Ricardo Ribalda,llvm issues,https://github.com/llvm/llvm-project/issues/55520,linux,2024-04-15
309422d,55520,Ricardo Ribalda,llvm issues,https://github.com/llvm/llvm-project/issues/55520,linux,2024-04-15
af682b7,82339,Alexei Starovoitov,gcc,https://gcc.gnu.org/bugzilla/show_bug.cgi?id=82339,linux,2024-04-04
b6540de,111736,Uros Bizjak,gcc,https://gcc.gnu.org/bugzilla/show_bug.cgi?id=111736,linux,2024-03-25
9c1b86f,38013,Nathan Chancellor,llvm issues,https://github.com/llvm/llvm-project/issues/38013,linux,2024-02-23
68fb3ca,103979,Linus Torvalds,gcc,https://gcc.gnu.org/bugzilla/show_bug.cgi?id=103979,linux,2024-02-16
68fb3ca,113921,Linus Torvalds,gcc,https://gcc.gnu.org/bugzilla/show_bug.cgi?id=113921,linux,2024-02-16
4356e9f,98619,Linus Torvalds,gcc,https://gcc.gnu.org/bugzilla/show_bug.cgi?id=98619,linux,2024-02-10
4356e9f,110420,Linus Torvalds,gcc,https://gcc.gnu.org/bugzilla/show_bug.cgi?id=110420,linux,2024-02-10
4356e9f,110422,Linus Torvalds,gcc,https://gcc.gnu.org/bugzilla/show_bug.cgi?id=110422,linux,2024-02-10
90773aa,113214,Arnd Bergmann,gcc,https://gcc.gnu.org/bugzilla/show_bug.cgi?id=113214,linux,2024-02-08
774ef5d,113214,Arnd Bergmann,gcc,https://gcc.gnu.org/bugzilla/show_bug.cgi?id=113214,linux,2024-02-03
cda5f94,71001,Masahiro Yamada,llvm issues,https://github.com/llvm/llvm-project/issues/71001,linux,2024-01-31
8deb05c,77813,Kees Cook,llvm issues,https://github.com/llvm/llvm-project/issues/77813,linux,2024-01-24
021d234,50505,Wende Tan,llvm issues,https://github.com/llvm/llvm-project/issues/50505,linux,2024-01-23
021d234,59350,Wende Tan,llvm issues,https://github.com/llvm/llvm-project/issues/59350,linux,2024-01-23
021d234,65090,Wende Tan,llvm issues,https://github.com/llvm/llvm-project/issues/65090,linux,2024-01-23
61a40c1,55669,Alexei Starovoitov,llvm issues,https://github.com/llvm/llvm-project/issues/55669,linux,2024-01-05
588a90a,95755,Herbert Xu,gcc,https://gcc.gnu.org/bugzilla/show_bug.cgi?id=95755,linux,2023-11-17
ca06ef9,95755,Herbert Xu,gcc,https://gcc.gnu.org/bugzilla/show_bug.cgi?id=95755,linux,2023-10-20
e29aad0,111736,Uros Bizjak,gcc,https://gcc.gnu.org/bugzilla/show_bug.cgi?id=111736,linux,2023-10-11
89775a2,99090,Nathan Chancellor,gcc,https://gcc.gnu.org/bugzilla/show_bug.cgi?id=99090,linux,2023-08-31
ae7936d,64080,Nick Desaulniers,llvm issues,https://github.com/llvm/llvm-project/issues/64080,linux,2023-08-16
7a0fd5e,110899,Marco Elver,gcc,https://gcc.gnu.org/bugzilla/show_bug.cgi?id=110899,linux,2023-08-16
71c8f9c,110743,Arnd Bergmann,gcc,https://gcc.gnu.org/bugzilla/show_bug.cgi?id=110743,linux,2023-07-27
71c8f9c,108402,Arnd Bergmann,gcc,https://gcc.gnu.org/bugzilla/show_bug.cgi?id=108402,linux,2023-07-27
c40e60f,78736,Borislav Petkov (AMD),gcc,https://gcc.gnu.org/bugzilla/show_bug.cgi?id=78736,linux,2023-07-24
8bcf314,55520,Rahul Rameshbabu,llvm issues,https://github.com/llvm/llvm-project/issues/55520,linux,2023-07-09
d24da1f,63220,Naveen N Rao,llvm issues,https://github.com/llvm/llvm-project/issues/63220,linux,2023-06-19
6d074ce,107405,Bart Van Assche,gcc,https://gcc.gnu.org/bugzilla/show_bug.cgi?id=107405,linux,2023-05-31
dd06e72,108896,Kees Cook,gcc,https://gcc.gnu.org/bugzilla/show_bug.cgi?id=108896,linux,2023-05-31
09e8c25,108370,David Howells,gcc,https://gcc.gnu.org/bugzilla/show_bug.cgi?id=108370,linux,2023-05-24
09e8c25,108371,David Howells,gcc,https://gcc.gnu.org/bugzilla/show_bug.cgi?id=108371,linux,2023-05-24
514ca14,94722,ndesaulniers@google.com,gcc,https://gcc.gnu.org/bugzilla/show_bug.cgi?id=94722,linux,2023-05-16
d966c3c,44842,Andrea Righi,llvm issues,https://github.com/llvm/llvm-project/issues/44842,linux,2023-04-20
9df3f50,94891,Mark Rutland,gcc,https://gcc.gnu.org/bugzilla/show_bug.cgi?id=94891,linux,2023-04-13
a3046a6,99652,David Gow,gcc,https://gcc.gnu.org/bugzilla/show_bug.cgi?id=99652,linux,2023-04-04
9af0f55,82457,James Hilliard,gcc,https://gcc.gnu.org/bugzilla/show_bug.cgi?id=82457,linux,2023-04-01
51287dc,108777,Marco Elver,gcc,https://gcc.gnu.org/bugzilla/show_bug.cgi?id=108777,linux,2023-03-03
1a2c73f,61045,Jiaxun Yang,llvm issues,https://github.com/llvm/llvm-project/issues/61045,linux,2023-03-01
2508708,108483,Michael Karcher,gcc,https://gcc.gnu.org/bugzilla/show_bug.cgi?id=108483,linux,2023-02-27
1a30a6b,101832,Kees Cook,gcc,https://gcc.gnu.org/bugzilla/show_bug.cgi?id=101832,linux,2023-02-16
8849818,53383,David Gow,gcc,https://gcc.gnu.org/bugzilla/show_bug.cgi?id=53383,linux,2023-02-11
78f7a3f,60349,Eric Biggers,llvm issues,https://github.com/llvm/llvm-project/issues/60349,linux,2023-02-09
5a6b64a,108634,Sam James,gcc,https://gcc.gnu.org/bugzilla/show_bug.cgi?id=108634,linux,2023-02-03
16a738f,101836,Paulo Miguel Almeida,gcc,https://gcc.gnu.org/bugzilla/show_bug.cgi?id=101836,linux,2023-01-28
87c7ee6,59037,Masahiro Yamada,llvm issues,https://github.com/llvm/llvm-project/issues/59037,linux,2023-01-26
8f9e0a5,88345,Mark Rutland,gcc,https://gcc.gnu.org/bugzilla/show_bug.cgi?id=88345,linux,2023-01-24
c27cd08,88345,Mark Rutland,gcc,https://gcc.gnu.org/bugzilla/show_bug.cgi?id=88345,linux,2023-01-24
56c5dab,36113,Jiri Slaby (SUSE),gcc,https://gcc.gnu.org/bugzilla/show_bug.cgi?id=36113,linux,2022-12-29
6a7ee50,50764,Arnd Bergmann,llvm issues,https://github.com/llvm/llvm-project/issues/50764,linux,2022-12-19
09ccde9,101836,Paulo Miguel Almeida,gcc,https://gcc.gnu.org/bugzilla/show_bug.cgi?id=101836,linux,2022-12-16
ff1cc97,36113,Jiri Slaby (SUSE),gcc,https://gcc.gnu.org/bugzilla/show_bug.cgi?id=36113,linux,2022-12-15
2d4ee16,36113,Jiri Slaby (SUSE),gcc,https://gcc.gnu.org/bugzilla/show_bug.cgi?id=36113,linux,2022-12-14
f077880,107917,Arnd Bergmann,gcc,https://gcc.gnu.org/bugzilla/show_bug.cgi?id=107917,linux,2022-12-06
f077880,107405,Arnd Bergmann,gcc,https://gcc.gnu.org/bugzilla/show_bug.cgi?id=107405,linux,2022-12-06
ab0350c,12213,James Hilliard,gcc,https://gcc.gnu.org/bugzilla/show_bug.cgi?id=12213,linux,2022-12-05
278ab97,97490,Kees Cook,gcc,https://gcc.gnu.org/bugzilla/show_bug.cgi?id=97490,linux,2022-12-01
6f6cb17,41896,Lee Jones,llvm issues,https://github.com/llvm/llvm-project/issues/41896,linux,2022-12-01
25b2483,101836,Paulo Miguel Almeida,gcc,https://gcc.gnu.org/bugzilla/show_bug.cgi?id=101836,linux,2022-11-23
b5e72d2,96503,Vlastimil Babka,gcc,https://gcc.gnu.org/bugzilla/show_bug.cgi?id=96503,linux,2022-11-21
6fa57d7,96503,Kees Cook,gcc,https://gcc.gnu.org/bugzilla/show_bug.cgi?id=96503,linux,2022-11-21
bd3fe58,101836,Paulo Miguel Almeida,gcc,https://gcc.gnu.org/bugzilla/show_bug.cgi?id=101836,linux,2022-11-16
93e3f45,82365,Sathvika Vasireddy,gcc,https://gcc.gnu.org/bugzilla/show_bug.cgi?id=82365,linux,2022-11-15
93e3f45,106751,Sathvika Vasireddy,gcc,https://gcc.gnu.org/bugzilla/show_bug.cgi?id=106751,linux,2022-11-15
7989d0b,101836,Paulo Miguel Almeida,gcc,https://gcc.gnu.org/bugzilla/show_bug.cgi?id=101836,linux,2022-11-11
e50db38,101836,Paulo Miguel Almeida,gcc,https://gcc.gnu.org/bugzilla/show_bug.cgi?id=101836,linux,2022-11-10
d96d0f9,101836,Paulo Miguel Almeida,gcc,https://gcc.gnu.org/bugzilla/show_bug.cgi?id=101836,linux,2022-11-09
1d2e9b6,55656,Nick Desaulniers,llvm issues,https://github.com/llvm/llvm-project/issues/55656,linux,2022-11-09
a2faac3,48894,Nick Desaulniers,llvm,https://bugs.llvm.org/show_bug.cgi?id=48894,linux,2022-11-09
320e259,101836,Paulo Miguel Almeida,gcc,https://gcc.gnu.org/bugzilla/show_bug.cgi?id=101836,linux,2022-11-05
c81c5bd,101836,Paulo Miguel Almeida,gcc,https://gcc.gnu.org/bugzilla/show_bug.cgi?id=101836,linux,2022-11-05
26117d9,105679,Kees Cook,gcc,https://gcc.gnu.org/bugzilla/show_bug.cgi?id=105679,linux,2022-10-20
542f25a,101836,Paulo Miguel Almeida,gcc,https://gcc.gnu.org/bugzilla/show_bug.cgi?id=101836,linux,2022-10-18
2577a58,105679,Kees Cook,gcc,https://gcc.gnu.org/bugzilla/show_bug.cgi?id=105679,linux,2022-10-12
d174768,105679,Kees Cook,gcc,https://gcc.gnu.org/bugzilla/show_bug.cgi?id=105679,linux,2022-10-11
aabf615,105679,Kees Cook,gcc,https://gcc.gnu.org/bugzilla/show_bug.cgi?id=105679,linux,2022-10-07
4af609b,105679,Kees Cook,gcc,https://gcc.gnu.org/bugzilla/show_bug.cgi?id=105679,linux,2022-10-07
943deb6,101836,Gustavo A. R. Silva,gcc,https://gcc.gnu.org/bugzilla/show_bug.cgi?id=101836,linux,2022-10-06
865dad2,107048,Linus Torvalds,gcc,https://gcc.gnu.org/bugzilla/show_bug.cgi?id=107048,linux,2022-10-04
fd2f045,101836,Gustavo A. R. Silva,gcc,https://gcc.gnu.org/bugzilla/show_bug.cgi?id=101836,linux,2022-09-26
54d9469,101832,Kees Cook,gcc,https://gcc.gnu.org/bugzilla/show_bug.cgi?id=101832,linux,2022-09-08
c0a454b,106671,Mark Brown,gcc,https://gcc.gnu.org/bugzilla/show_bug.cgi?id=106671,linux,2022-09-06
b0839b2,57102,Nick Desaulniers,llvm issues,https://github.com/llvm/llvm-project/issues/57102,linux,2022-09-05
a0a12c3,48637,Nick Desaulniers,gcc,http://gcc.gnu.org/bugzilla/show_bug.cgi?id=48637,linux,2022-08-22
ffcf9c5,57009,Nick Desaulniers,llvm issues,https://github.com/llvm/llvm-project/issues/57009,linux,2022-08-11
0d362be,57009,Nick Desaulniers,llvm issues,https://github.com/llvm/llvm-project/issues/57009,linux,2022-08-11
1d3551c,105930,Linus Torvalds,gcc,https://gcc.gnu.org/bugzilla/show_bug.cgi?id=105930,linux,2022-08-11
cb928ac,57031,Naveen N. Rao,llvm issues,https://github.com/llvm/llvm-project/issues/57031,linux,2022-08-10
a4cb6e6,55520,Marc Kleine-Budde,llvm issues,https://github.com/llvm/llvm-project/issues/55520,linux,2022-08-09
e2b5421,101836,Linus Torvalds,gcc,https://gcc.gnu.org/bugzilla/show_bug.cgi?id=101836,linux,2022-08-03
43c249e,58670,Uros Bizjak,gcc,http://gcc.gnu.org/bugzilla/show_bug.cgi?id=58670,linux,2022-07-18
e5d523f,56289,Nick Desaulniers,llvm issues,https://github.com/llvm/llvm-project/issues/56289,linux,2022-07-15
1b86678,48553,Nathan Chancellor,llvm issues,https://github.com/llvm/llvm-project/issues/48553,linux,2022-07-11
1841025,55578,James Hilliard,gcc,https://gcc.gnu.org/bugzilla/show_bug.cgi?id=55578,linux,2022-07-09
1841025,90400,James Hilliard,gcc,https://gcc.gnu.org/bugzilla/show_bug.cgi?id=90400,linux,2022-07-09
e830315,55514,Nathan Chancellor,llvm issues,https://github.com/llvm/llvm-project/issues/55514,linux,2022-06-17
dfe21e6,105679,Sean Christopherson,gcc,https://gcc.gnu.org/bugzilla/show_bug.cgi?id=105679,linux,2022-06-10
7e41528,102103,Murilo Opsfelder Araujo,gcc,https://gcc.gnu.org/bugzilla/show_bug.cgi?id=102103,linux,2022-06-01
1a6dd99,55520,Vincent Mailhol,llvm issues,https://github.com/llvm/llvm-project/issues/55520,linux,2022-05-20
aeb8441,99578,Kees Cook,gcc,https://gcc.gnu.org/bugzilla/show_bug.cgi?id=99578,linux,2022-05-19
e9953b7,55411,Heiko Carstens,llvm issues,https://github.com/llvm/llvm-project/issues/55411,linux,2022-05-17
95fee37,56888,Michal Simek,gcc,https://gcc.gnu.org/bugzilla/show_bug.cgi?id=56888,linux,2022-04-21
2df3fc4,105160,Jeremy Linton,gcc,https://gcc.gnu.org/bugzilla/show_bug.cgi?id=105160,linux,2022-04-14
1aa0e8b,98096,Sean Christopherson,gcc,https://gcc.gnu.org/bugzilla/show_bug.cgi?id=98096,linux,2022-04-14
c40160f,105171,Jason A. Donenfeld,gcc,https://gcc.gnu.org/bugzilla/show_bug.cgi?id=105171,linux,2022-04-13
b06a175,99578,Linus Torvalds,gcc,https://gcc.gnu.org/bugzilla/show_bug.cgi?id=99578,linux,2022-03-27
b027471,45831,Marco Elver,llvm,https://bugs.llvm.org/show_bug.cgi?id=45831,linux,2022-03-24
281d0c9,41459,Kees Cook,llvm,https://bugs.llvm.org/show_bug.cgi?id=41459,linux,2022-02-14
281d0c9,53516,Kees Cook,llvm issues,https://github.com/llvm/llvm-project/issues/53516,linux,2022-02-14
281d0c9,53645,Kees Cook,llvm issues,https://github.com/llvm/llvm-project/issues/53645,linux,2022-02-14
f0202b8,53516,Kees Cook,llvm issues,https://github.com/llvm/llvm-project/issues/53516,linux,2022-02-14
545c272,99578,Kees Cook,gcc,https://gcc.gnu.org/bugzilla/show_bug.cgi?id=99578,linux,2022-02-14
b53823f,52735,Mathieu Desnoyers,llvm issues,https://github.com/llvm/llvm-project/issues/52735,linux,2022-02-02
b53823f,58670,Mathieu Desnoyers,gcc,https://gcc.gnu.org/bugzilla/show_bug.cgi?id=58670,linux,2022-02-02
b53823f,103908,Mathieu Desnoyers,gcc,https://gcc.gnu.org/bugzilla/show_bug.cgi?id=103908,linux,2022-02-02
f23653f,100379,Maciej W. Rozycki,gcc,https://gcc.gnu.org/bugzilla/show_bug.cgi?id=100379,linux,2022-01-26
d72c4a3,47798,Daniel Axtens,llvm,https://bugs.llvm.org/show_bug.cgi?id=47798,linux,2021-12-23
e463a09,52323,Peter Zijlstra,llvm,https://bugs.llvm.org/show_bug.cgi?id=52323,linux,2021-12-09
e463a09,102952,Peter Zijlstra,gcc,https://gcc.gnu.org/bugzilla/show_bug.cgi?id=102952,linux,2021-12-09
68cf4f2,52323,Peter Zijlstra,llvm,https://bugs.llvm.org/show_bug.cgi?id=52323,linux,2021-12-08
68cf4f2,102952,Peter Zijlstra,gcc,https://gcc.gnu.org/bugzilla/show_bug.cgi?id=102952,linux,2021-12-08
f7e5b9b,100363,Arnd Bergmann,gcc,https://gcc.gnu.org/bugzilla/show_bug.cgi?id=100363,linux,2021-11-30
dee2b70,51094,Gustavo A. R. Silva,llvm,https://bugs.llvm.org/show_bug.cgi?id=51094,linux,2021-11-15
2dc26d9,51682,Linus Torvalds,llvm,https://bugs.llvm.org/show_bug.cgi?id=51682,linux,2021-11-02
ecb108e,45826,Arnd Bergmann,llvm,https://bugs.llvm.org/show_bug.cgi?id=45826,linux,2021-10-25
ecb108e,94986,Arnd Bergmann,gcc,https://gcc.gnu.org/bugzilla/show_bug.cgi?id=94986,linux,2021-10-25
34186b4,99578,Arnd Bergmann,gcc,https://gcc.gnu.org/bugzilla/show_bug.cgi?id=99578,linux,2021-10-05
eb19efe,99673,Arnd Bergmann,gcc,https://gcc.gnu.org/bugzilla/show_bug.cgi?id=99673,linux,2021-09-28
5c34aea,97831,Ian Rogers,gcc,https://gcc.gnu.org/bugzilla/show_bug.cgi?id=97831,linux,2021-09-27
a52f8a5,50322,Kees Cook,llvm,https://bugs.llvm.org/show_bug.cgi?id=50322,linux,2021-09-25
a52f8a5,41459,Kees Cook,llvm,https://bugs.llvm.org/show_bug.cgi?id=41459,linux,2021-09-25
7d1be0a,69960,Douglas Anderson,gcc,https://gcc.gnu.org/bugzilla/show_bug.cgi?id=69960,linux,2021-09-25
d5f6545,99578,Linus Torvalds,gcc,https://gcc.gnu.org/bugzilla/show_bug.cgi?id=99578,linux,2021-09-21
b83a908,16428,Nick Desaulniers,llvm,https://bugs.llvm.org/show_bug.cgi?id=16428,linux,2021-09-09
c42813b,102162,Helge Deller,gcc,https://gcc.gnu.org/bugzilla/show_bug.cgi?id=102162,linux,2021-09-03
e432fe9,51634,Michael Ellerman,llvm,https://bugs.llvm.org/show_bug.cgi?id=51634,linux,2021-09-01
69aa1de,101419,Kees Cook,gcc,https://gcc.gnu.org/bugzilla/show_bug.cgi?id=101419,linux,2021-07-23
1d74a91,101419,Kees Cook,gcc,https://gcc.gnu.org/bugzilla/show_bug.cgi?id=101419,linux,2021-07-22
4cad671,100363,Linus Torvalds,gcc,https://gcc.gnu.org/bugzilla/show_bug.cgi?id=100363,linux,2021-07-03
380d53c,80223,Nick Desaulniers,gcc,https://gcc.gnu.org/bugzilla/show_bug.cgi?id=80223,linux,2021-06-23
51696f3,49610,Nathan Chancellor,llvm,https://bugs.llvm.org/show_bug.cgi?id=49610,linux,2021-06-22
558f9b2,40838,YiFei Zhu,gcc,https://gcc.gnu.org/bugzilla/show_bug.cgi?id=40838,linux,2021-06-18
f747e66,19449,Rikard Falkeborn,gcc,https://gcc.gnu.org/bugzilla/show_bug.cgi?id=19449,linux,2021-05-23
2515dd6,49956,Nick Desaulniers,llvm,https://bugs.llvm.org/show_bug.cgi?id=49956,linux,2021-05-11
778aaef,100363,Arnd Bergmann,gcc,https://gcc.gnu.org/bugzilla/show_bug.cgi?id=100363,linux,2021-05-10
14b6cff,99673,Arnd Bergmann,gcc,https://gcc.gnu.org/bugzilla/show_bug.cgi?id=99673,linux,2021-05-10
2ba50da,39889,Masahiro Yamada,gcc,https://gcc.gnu.org/bugzilla/show_bug.cgi?id=39889,linux,2021-04-14
28aad1c,46293,Sami Tolvanen,llvm,https://bugs.llvm.org/show_bug.cgi?id=46293,linux,2021-04-09
cdc34cb,99578,Arnd Bergmann,gcc,https://gcc.gnu.org/bugzilla/show_bug.cgi?id=99578,linux,2021-03-23
f5b6a74,46478,Nathan Chancellor,llvm,https://bugs.llvm.org/show_bug.cgi?id=46478,linux,2021-02-26
d2dcd3e,47479,Sami Tolvanen,llvm,https://bugs.llvm.org/show_bug.cgi?id=47479,linux,2021-02-24
105f75e,98776,Jianlin Lv,gcc,https://gcc.gnu.org/bugzilla/show_bug.cgi?id=98776,linux,2021-02-13
5857c92,48755,Will Deacon,llvm,https://bugs.llvm.org/show_bug.cgi?id=48755,linux,2021-01-21
2f78788,97445,Jakub Jelinek,gcc,https://gcc.gnu.org/bugzilla/show_bug.cgi?id=97445,linux,2020-12-16
a9ffd04,97060,Masami Hiramatsu,gcc,https://gcc.gnu.org/bugzilla/show_bug.cgi?id=97060,linux,2020-11-28
b96fab4,97490,Arnd Bergmann,gcc,https://gcc.gnu.org/bugzilla/show_bug.cgi?id=97490,linux,2020-11-11
4169e88,91432,Gustavo A. R. Silva,gcc,https://gcc.gnu.org/bugzilla/show_bug.cgi?id=91432,linux,2020-10-30
4d6fb34,42950,Nick Desaulniers,llvm,https://bugs.llvm.org/show_bug.cgi?id=42950,linux,2020-10-14
a25c13b,42950,Nick Desaulniers,llvm,https://bugs.llvm.org/show_bug.cgi?id=42950,linux,2020-10-14
fb08334,47539,Nick Desaulniers,llvm,https://bugs.llvm.org/show_bug.cgi?id=47539,linux,2020-10-02
aa5cacd,82602,Arvind Sankar,gcc,https://gcc.gnu.org/bugzilla/show_bug.cgi?id=82602,linux,2020-10-01
1e1b6d6,47162,Nick Desaulniers,llvm,https://bugs.llvm.org/show_bug.cgi?id=47162,linux,2020-09-27
1e1b6d6,47280,Nick Desaulniers,llvm,https://bugs.llvm.org/show_bug.cgi?id=47280,linux,2020-09-27
e2179a0,46480,Kees Cook,llvm,https://bugs.llvm.org/show_bug.cgi?id=46480,linux,2020-09-01
d812db7,46478,Kees Cook,llvm,https://bugs.llvm.org/show_bug.cgi?id=46478,linux,2020-09-01
33d0f96,56888,Arvind Sankar,gcc,https://gcc.gnu.org/bugzilla/show_bug.cgi?id=56888,linux,2020-08-20
6d25a63,81388,Nick Terrell,gcc,https://gcc.gnu.org/bugzilla/show_bug.cgi?id=81388,linux,2020-07-31
158807d,33587,Nick Desaulniers,llvm,https://bugs.llvm.org/show_bug.cgi?id=33587,linux,2020-07-23
3347c8a,24494,Sedat Dilek,llvm,https://bugs.llvm.org/show_bug.cgi?id=24494,linux,2020-07-09
acf7b0b,89124,Marco Elver,gcc,https://gcc.gnu.org/bugzilla/show_bug.cgi?id=89124,linux,2020-06-25
f0fe00d,45497,glider@google.com,llvm,https://bugs.llvm.org/show_bug.cgi?id=45497,linux,2020-06-16
ea91a1d,45831,Arnd Bergmann,llvm,https://bugs.llvm.org/show_bug.cgi?id=45831,linux,2020-06-12
b3b6a84,45802,Arnd Bergmann,llvm,https://bugs.llvm.org/show_bug.cgi?id=45802,linux,2020-05-28
3a88d7c,94697,Will Deacon,gcc,https://gcc.gnu.org/bugzilla/show_bug.cgi?id=94697,linux,2020-05-12
08afb43,94881,Arnd Bergmann,gcc,https://gcc.gnu.org/bugzilla/show_bug.cgi?id=94881,linux,2020-05-06
dc30b40,94881,Arnd Bergmann,gcc,https://gcc.gnu.org/bugzilla/show_bug.cgi?id=94881,linux,2020-05-02
a34c7f5,44916,Kees Cook,llvm,https://bugs.llvm.org/show_bug.cgi?id=44916,linux,2020-04-18
a5460b5,58145,Will Deacon,gcc,https://gcc.gnu.org/bugzilla/show_bug.cgi?id=58145,linux,2020-04-16
5429ef6,58145,Will Deacon,gcc,https://gcc.gnu.org/bugzilla/show_bug.cgi?id=58145,linux,2020-04-16
afe956c,42666,Nathan Chancellor,llvm,https://bugs.llvm.org/show_bug.cgi?id=42666,linux,2020-04-08
277a108,92589,Kees Cook,gcc,https://gcc.gnu.org/bugzilla/show_bug.cgi?id=92589,linux,2020-04-08
295bcca,19449,Rikard Falkeborn,gcc,https://gcc.gnu.org/bugzilla/show_bug.cgi?id=19449,linux,2020-04-08
9cf016e,44916,Kees Cook,llvm,https://bugs.llvm.org/show_bug.cgi?id=44916,linux,2020-04-08
27d80fa,44916,Kees Cook,llvm,https://bugs.llvm.org/show_bug.cgi?id=44916,linux,2020-04-08
deec222,44916,Kees Cook,llvm,https://bugs.llvm.org/show_bug.cgi?id=44916,linux,2020-03-16
c06a1c3,44916,Kees Cook,llvm,https://bugs.llvm.org/show_bug.cgi?id=44916,linux,2020-03-04
0a68ff5,44916,Kees Cook,llvm,https://bugs.llvm.org/show_bug.cgi?id=44916,linux,2020-03-03
78c2442,44916,Kees Cook,llvm,https://bugs.llvm.org/show_bug.cgi?id=44916,linux,2020-02-24
78856f2,44916,Kees Cook,llvm,https://bugs.llvm.org/show_bug.cgi?id=44916,linux,2020-02-24
e24cd4e,44916,Kees Cook,llvm,https://bugs.llvm.org/show_bug.cgi?id=44916,linux,2020-02-24
2713eb4,44916,Kees Cook,llvm,https://bugs.llvm.org/show_bug.cgi?id=44916,linux,2020-02-23
16a556e,44916,Kees Cook,llvm,https://bugs.llvm.org/show_bug.cgi?id=44916,linux,2020-02-21
46d30cb,44916,Kees Cook,llvm,https://bugs.llvm.org/show_bug.cgi?id=44916,linux,2020-02-21
161d179,44916,Kees Cook,llvm,https://bugs.llvm.org/show_bug.cgi?id=44916,linux,2020-02-21
9038ec9,44916,Kees Cook,llvm,https://bugs.llvm.org/show_bug.cgi?id=44916,linux,2020-02-21
42ae1a5,92657,Arnd Bergmann,gcc,https://gcc.gnu.org/bugzilla/show_bug.cgi?id=92657,linux,2020-01-08
790756c,43759,Nick Desaulniers,llvm,https://bugs.llvm.org/show_bug.cgi?id=43759,linux,2019-11-16
a48e61d,91111,Will Deacon,gcc,https://gcc.gnu.org/bugzilla/show_bug.cgi?id=91111,linux,2019-10-04
b0fe66c,33845,Nathan Chancellor,llvm,https://bugs.llvm.org/show_bug.cgi?id=33845,linux,2019-09-10
bfafddd,42950,Nick Desaulniers,llvm,https://bugs.llvm.org/show_bug.cgi?id=42950,linux,2019-09-08
e2079e9,91432,Nathan Chancellor,gcc,https://gcc.gnu.org/bugzilla/show_bug.cgi?id=91432,linux,2019-08-30
90776dd,42990,Kees Cook,llvm,https://bugs.llvm.org/show_bug.cgi?id=42990,linux,2019-08-15
bfd7714,39382,Joe Perches,llvm,https://bugs.llvm.org/show_bug.cgi?id=39382,linux,2019-08-11
ebb6d35,38809,Arnd Bergmann,llvm,https://bugs.llvm.org/show_bug.cgi?id=38809,linux,2019-08-03
a07057d,42570,Arnd Bergmann,llvm,https://bugs.llvm.org/show_bug.cgi?id=42570,linux,2019-07-17
b27aca2,38789,Arnd Bergmann,llvm,https://bugs.llvm.org/show_bug.cgi?id=38789,linux,2019-07-04
3fe1ee4,40186,Stefan Agner,llvm,https://bugs.llvm.org/show_bug.cgi?id=40186,linux,2019-06-20
6ca6366,90751,Sven Schnelle,gcc,https://gcc.gnu.org/bugzilla/show_bug.cgi?id=90751,linux,2019-06-08
a195cef,83431,Matteo Croce,gcc,https://gcc.gnu.org/bugzilla/show_bug.cgi?id=83431,linux,2019-05-21
fe22983,90193,Mathieu Desnoyers,gcc,https://gcc.gnu.org/bugzilla/show_bug.cgi?id=90193,linux,2019-05-08
be604c6,19749,Kees Cook,llvm,https://bugs.llvm.org/show_bug.cgi?id=19749,linux,2019-04-25
43947b8,40972,Stefan Agner,llvm,https://bugs.llvm.org/show_bug.cgi?id=40972,linux,2019-04-24
fe09d9c,88648,Stefan Agner,gcc,https://gcc.gnu.org/bugzilla/show_bug.cgi?id=88648,linux,2019-04-24
a6c9e96,88648,Stefan Agner,gcc,https://gcc.gnu.org/bugzilla/show_bug.cgi?id=88648,linux,2019-04-24
6e04249,41424,Arnd Bergmann,llvm,https://bugs.llvm.org/show_bug.cgi?id=41424,linux,2019-04-11
5f074f3,41035,Nick Desaulniers,llvm,https://bugs.llvm.org/show_bug.cgi?id=41035,linux,2019-04-06
a9d57ef,86952,Daniel Borkmann,gcc,https://gcc.gnu.org/bugzilla/show_bug.cgi?id=86952,linux,2019-03-28
a9c640a,33587,Nick Desaulniers,llvm,https://bugs.llvm.org/show_bug.cgi?id=33587,linux,2019-03-21
ed713a4,38809,Arnd Bergmann,llvm,https://bugs.llvm.org/show_bug.cgi?id=38809,linux,2019-03-20
03aa4f1,40776,Arnd Bergmann,llvm,https://bugs.llvm.org/show_bug.cgi?id=40776,linux,2019-03-20
0077aaa,38789,Arnd Bergmann,llvm,https://bugs.llvm.org/show_bug.cgi?id=38789,linux,2019-03-13
eefffb4,38789,Arnd Bergmann,llvm,https://bugs.llvm.org/show_bug.cgi?id=38789,linux,2019-03-12
6baec88,38809,Arnd Bergmann,llvm,https://bugs.llvm.org/show_bug.cgi?id=38809,linux,2019-03-02
b7e8c93,88648,Stefan Agner,gcc,https://gcc.gnu.org/bugzilla/show_bug.cgi?id=88648,linux,2019-02-26
a8e911d,81715,Qian Cai,gcc,https://gcc.gnu.org/bugzilla/show_bug.cgi?id=81715,linux,2019-02-02
9a71ac7,53119,Alexey Kardashevskiy,gcc,https://gcc.gnu.org/bugzilla/show_bug.cgi?id=53119,linux,2019-01-23
72e7bcc,39556,Joel Stanley,llvm,https://bugs.llvm.org/show_bug.cgi?id=39556,linux,2018-12-20
72e7bcc,39555,Joel Stanley,llvm,https://bugs.llvm.org/show_bug.cgi?id=39555,linux,2018-12-20
e213574,31177,Joel Stanley,llvm,https://bugs.llvm.org/show_bug.cgi?id=31177,linux,2018-12-20
6e88306,81715,Qian Cai,gcc,https://gcc.gnu.org/bugzilla/show_bug.cgi?id=81715,linux,2018-12-11
ac3e233,38774,Nick Desaulniers,llvm,https://bugs.llvm.org/show_bug.cgi?id=38774,linux,2018-12-08
1c23b41,84210,Arnd Bergmann,gcc,https://gcc.gnu.org/bugzilla/show_bug.cgi?id=84210,linux,2018-11-19
437e88a,39410,Nathan Chancellor,llvm,https://bugs.llvm.org/show_bug.cgi?id=39410,linux,2018-11-05
fe0640e,82365,ndesaulniers@google.com,gcc,https://gcc.gnu.org/bugzilla/show_bug.cgi?id=82365,linux,2018-10-19
dde709d,67368,Vasily Gorbik,gcc,https://gcc.gnu.org/bugzilla/show_bug.cgi?id=67368,linux,2018-10-09
183e19f,10676,Sean Young,gcc,https://gcc.gnu.org/bugzilla/show_bug.cgi?id=10676,linux,2018-10-05
d124b44,44290,Miguel Ojeda,gcc,https://gcc.gnu.org/bugzilla/show_bug.cgi?id=44290,linux,2018-09-20
ee9d21b,38921,Joel Stanley,llvm,https://bugs.llvm.org/show_bug.cgi?id=38921,linux,2018-09-19
ed6ed11,38642,Ard Biesheuvel,llvm,https://bugs.llvm.org/show_bug.cgi?id=38642,linux,2018-09-04
1a2eaed,53119,Leo (Sunpeng) Li,gcc,https://gcc.gnu.org/bugzilla/show_bug.cgi?id=53119,linux,2018-07-14
d0a8d93,37512,Nick Desaulniers,llvm,https://bugs.llvm.org/show_bug.cgi?id=37512,linux,2018-07-03
bee2003,83256,Arnd Bergmann,gcc,https://gcc.gnu.org/bugzilla/show_bug.cgi?id=83256,linux,2018-06-25
bee2003,82435,Arnd Bergmann,gcc,https://gcc.gnu.org/bugzilla/show_bug.cgi?id=82435,linux,2018-06-25
4bb8b65,85602,Arnd Bergmann,gcc,https://gcc.gnu.org/bugzilla/show_bug.cgi?id=85602,linux,2018-06-07
bbe9a70,85301,Arnd Bergmann,gcc,https://gcc.gnu.org/bugzilla/show_bug.cgi?id=85301,linux,2018-04-10
87e0d4f,18538,Daniel Borkmann,llvm,https://bugs.llvm.org/show_bug.cgi?id=18538,linux,2018-03-21
a398e04,69249,Arnd Bergmann,gcc,https://gcc.gnu.org/bugzilla/show_bug.cgi?id=69249,linux,2018-03-06
51d42f0,82411,Segher Boessenkool,gcc,https://gcc.gnu.org/bugzilla/show_bug.cgi?id=82411,linux,2018-03-06
ca79bec,83456,Arnd Bergmann,gcc,https://gcc.gnu.org/bugzilla/show_bug.cgi?id=83456,linux,2018-02-23
173a3ef,82365,Arnd Bergmann,gcc,https://gcc.gnu.org/bugzilla/show_bug.cgi?id=82365,linux,2018-02-22
85c615e,84095,Arnd Bergmann,gcc,https://gcc.gnu.org/bugzilla/show_bug.cgi?id=84095,linux,2018-02-21
67870eb,84129,Arnd Bergmann,gcc,https://gcc.gnu.org/bugzilla/show_bug.cgi?id=84129,linux,2018-02-16
e7c52b8,81715,Arnd Bergmann,gcc,https://gcc.gnu.org/bugzilla/show_bug.cgi?id=81715,linux,2018-02-07
ff5fdaf,82103,Nicolas Pitre,gcc,https://gcc.gnu.org/bugzilla/show_bug.cgi?id=82103,linux,2018-01-21
6e36719,83356,Arnd Bergmann,gcc,https://gcc.gnu.org/bugzilla/show_bug.cgi?id=83356,linux,2018-01-20
6e36719,83651,Arnd Bergmann,gcc,https://gcc.gnu.org/bugzilla/show_bug.cgi?id=83651,linux,2018-01-20
148b974,83356,Arnd Bergmann,gcc,https://gcc.gnu.org/bugzilla/show_bug.cgi?id=83356,linux,2018-01-12
148b974,83651,Arnd Bergmann,gcc,https://gcc.gnu.org/bugzilla/show_bug.cgi?id=83651,linux,2018-01-12
9e343e8,81715,Arnd Bergmann,gcc,https://gcc.gnu.org/bugzilla/show_bug.cgi?id=81715,linux,2017-12-18
3cd890d,81715,Arnd Bergmann,gcc,https://gcc.gnu.org/bugzilla/show_bug.cgi?id=81715,linux,2017-12-16
16c3ada,81715,Arnd Bergmann,gcc,https://gcc.gnu.org/bugzilla/show_bug.cgi?id=81715,linux,2017-12-16
146734b,82365,Arnd Bergmann,gcc,https://gcc.gnu.org/bugzilla/show_bug.cgi?id=82365,linux,2017-12-15
d15809f,81484,Arnd Bergmann,gcc,https://gcc.gnu.org/bugzilla/show_bug.cgi?id=81484,linux,2017-11-18
3f2a162,82839,Arnd Bergmann,gcc,https://gcc.gnu.org/bugzilla/show_bug.cgi?id=82839,linux,2017-11-08
1b0c22e,81484,Arnd Bergmann,gcc,https://gcc.gnu.org/bugzilla/show_bug.cgi?id=81484,linux,2017-10-14
5dfbf6c,82203,Arnd Bergmann,gcc,https://gcc.gnu.org/bugzilla/show_bug.cgi?id=82203,linux,2017-10-05
b4391db,81715,Arnd Bergmann,gcc,https://gcc.gnu.org/bugzilla/show_bug.cgi?id=81715,linux,2017-09-26
6098d7d,81715,Arnd Bergmann,gcc,https://gcc.gnu.org/bugzilla/show_bug.cgi?id=81715,linux,2017-09-26
e40a3ae,82123,Arnd Bergmann,gcc,https://gcc.gnu.org/bugzilla/show_bug.cgi?id=82123,linux,2017-09-19
dd88a0a,81813,Josh Poimboeuf,gcc,https://gcc.gnu.org/bugzilla/show_bug.cgi?id=81813,linux,2017-08-30
5fe5a6c,81958,Arnd Bergmann,gcc,https://gcc.gnu.org/bugzilla/show_bug.cgi?id=81958,linux,2017-08-26
0a44594,10676,Imre Deak,gcc,http://gcc.gnu.org/bugzilla/show_bug.cgi?id=10676,linux,2017-08-15
efe967c,81601,Arnd Bergmann,gcc,https://gcc.gnu.org/bugzilla/show_bug.cgi?id=81601,linux,2017-07-30
22ff1a3,81483,Arnd Bergmann,gcc,https://gcc.gnu.org/bugzilla/show_bug.cgi?id=81483,linux,2017-07-26
5623452,81484,Arnd Bergmann,gcc,https://gcc.gnu.org/bugzilla/show_bug.cgi?id=81484,linux,2017-07-20
381f20f,58145,Davidlohr Bueso,gcc,https://gcc.gnu.org/bugzilla/show_bug.cgi?id=58145,linux,2017-06-09
a83827d,10676,Thomas Gleixner,gcc,https://gcc.gnu.org/bugzilla/show_bug.cgi?id=10676,linux,2017-04-17
61b79e1,42109,Josh Poimboeuf,gcc,https://gcc.gnu.org/bugzilla/show_bug.cgi?id=42109,linux,2017-03-29
474c901,72785,Linus Torvalds,gcc,https://gcc.gnu.org/bugzilla/show_bug.cgi?id=72785,linux,2017-03-03
7d6e910,11488,Arnd Bergmann,gcc,https://gcc.gnu.org/bugzilla/show_bug.cgi?id=11488,linux,2017-02-11
7d6e910,79149,Arnd Bergmann,gcc,https://gcc.gnu.org/bugzilla/show_bug.cgi?id=79149,linux,2017-02-11
5020ded,78569,Arnd Bergmann,gcc,https://gcc.gnu.org/bugzilla/show_bug.cgi?id=78569,linux,2016-11-30
d64e85d,56955,Rasmus Villemoes,gcc,https://gcc.gnu.org/bugzilla/show_bug.cgi?id=56955,linux,2016-05-20
c87bf43,69702,Arnd Bergmann,gcc,https://gcc.gnu.org/bugzilla/show_bug.cgi?id=69702,linux,2016-05-10
8634de6,52624,Josh Poimboeuf,gcc,https://gcc.gnu.org/bugzilla/show_bug.cgi?id=52624,linux,2016-05-10
7322dd7,66122,Arnd Bergmann,gcc,https://gcc.gnu.org/bugzilla/show_bug.cgi?id=66122,linux,2016-05-06
7322dd7,70232,Arnd Bergmann,gcc,https://gcc.gnu.org/bugzilla/show_bug.cgi?id=70232,linux,2016-05-06
7322dd7,70646,Arnd Bergmann,gcc,https://gcc.gnu.org/bugzilla/show_bug.cgi?id=70646,linux,2016-05-06
7e57844,70604,Josh Poimboeuf,gcc,https://gcc.gnu.org/bugzilla/show_bug.cgi?id=70604,linux,2016-04-15
f9a7cbb,66122,Denys Vlasenko,gcc,https://gcc.gnu.org/bugzilla/show_bug.cgi?id=66122,linux,2016-04-14
208fae5,70128,Nicolas Pitre,gcc,https://gcc.gnu.org/bugzilla/show_bug.cgi?id=70128,linux,2016-04-08
ef3fb24,70232,Arnd Bergmann,gcc,https://gcc.gnu.org/bugzilla/show_bug.cgi?id=70232,linux,2016-03-19
e3bde95,66122,Denys Vlasenko,gcc,https://gcc.gnu.org/bugzilla/show_bug.cgi?id=66122,linux,2016-03-18
bc27fb6,66122,Denys Vlasenko,gcc,https://gcc.gnu.org/bugzilla/show_bug.cgi?id=66122,linux,2016-03-18
a644fdf,66122,Denys Vlasenko,gcc,https://gcc.gnu.org/bugzilla/show_bug.cgi?id=66122,linux,2016-03-18
4b0f326,66122,Denys Vlasenko,gcc,https://gcc.gnu.org/bugzilla/show_bug.cgi?id=66122,linux,2016-03-18
ee91ef6,66122,Denys Vlasenko,gcc,https://gcc.gnu.org/bugzilla/show_bug.cgi?id=66122,linux,2016-03-18
8dd5032,66122,Denys Vlasenko,gcc,https://gcc.gnu.org/bugzilla/show_bug.cgi?id=66122,linux,2016-02-09
8488335,68836,Arnaldo Carvalho de Melo,gcc,https://gcc.gnu.org/bugzilla/show_bug.cgi?id=68836,linux,2015-12-11
d7e35df,57157,Sasha Levin,gcc,https://gcc.gnu.org/bugzilla/show_bug.cgi?id=57157,linux,2015-12-10
d976441,67368,Andrey Ryabinin,gcc,https://gcc.gnu.org/bugzilla/show_bug.cgi?id=67368,linux,2015-10-20
71a0a72,55777,Yousong Zhou,gcc,https://gcc.gnu.org/bugzilla/show_bug.cgi?id=55777,linux,2015-10-05
1bb3bf6,55777,Yousong Zhou,gcc,https://gcc.gnu.org/bugzilla/show_bug.cgi?id=55777,linux,2015-10-05
0b101e6,66122,Denys Vlasenko,gcc,https://gcc.gnu.org/bugzilla/show_bug.cgi?id=66122,linux,2015-09-25
66e8c57,67055,Oleg Nesterov,gcc,https://gcc.gnu.org/bugzilla/show_bug.cgi?id=67055,linux,2015-09-21
a077224,65932,Ard Biesheuvel,gcc,https://gcc.gnu.org/bugzilla/show_bug.cgi?id=65932,linux,2015-09-07
accd0b9,66122,Denys Vlasenko,gcc,https://gcc.gnu.org/bugzilla/show_bug.cgi?id=66122,linux,2015-08-05
d14edb1,66122,Denys Vlasenko,gcc,https://gcc.gnu.org/bugzilla/show_bug.cgi?id=66122,linux,2015-08-05
1a1d48a,66122,Denys Vlasenko,gcc,https://gcc.gnu.org/bugzilla/show_bug.cgi?id=66122,linux,2015-08-05
b2c5110,53383,Andy Lutomirski,gcc,https://gcc.gnu.org/bugzilla/show_bug.cgi?id=53383,linux,2015-07-22
3490565,66122,Denys Vlasenko,gcc,https://gcc.gnu.org/bugzilla/show_bug.cgi?id=66122,linux,2015-07-21
92d6cf2,57134,Anton Blanchard,gcc,http://gcc.gnu.org/bugzilla/show_bug.cgi?id=57134,linux,2015-06-11
4d3199e,58145,Davidlohr Bueso,gcc,https://gcc.gnu.org/bugzilla/show_bug.cgi?id=58145,linux,2015-02-24
f5e38b9,52181,Daniel Borkmann,gcc,https://gcc.gnu.org/bugzilla/show_bug.cgi?id=52181,linux,2015-02-14
38c5ce9,58145,Christian Borntraeger,gcc,https://gcc.gnu.org/bugzilla/show_bug.cgi?id=58145,linux,2015-01-19
1760f1e,58145,Christian Borntraeger,gcc,https://gcc.gnu.org/bugzilla/show_bug.cgi?id=58145,linux,2015-01-19
da1a288,58145,Christian Borntraeger,gcc,https://gcc.gnu.org/bugzilla/show_bug.cgi?id=58145,linux,2015-01-19
5ee0761,58145,Christian Borntraeger,gcc,https://gcc.gnu.org/bugzilla/show_bug.cgi?id=58145,linux,2015-01-19
5de72a2,58145,Christian Borntraeger,gcc,https://gcc.gnu.org/bugzilla/show_bug.cgi?id=58145,linux,2014-12-18
488beef,58145,Christian Borntraeger,gcc,https://gcc.gnu.org/bugzilla/show_bug.cgi?id=58145,linux,2014-12-18
af2e7aa,58145,Christian Borntraeger,gcc,https://gcc.gnu.org/bugzilla/show_bug.cgi?id=58145,linux,2014-12-18
4218091,58145,Christian Borntraeger,gcc,https://gcc.gnu.org/bugzilla/show_bug.cgi?id=58145,linux,2014-12-18
14cf3d9,58145,Christian Borntraeger,gcc,https://gcc.gnu.org/bugzilla/show_bug.cgi?id=58145,linux,2014-12-18
4f9d138,58145,Christian Borntraeger,gcc,https://gcc.gnu.org/bugzilla/show_bug.cgi?id=58145,linux,2014-12-18
e37c698,58145,Christian Borntraeger,gcc,https://gcc.gnu.org/bugzilla/show_bug.cgi?id=58145,linux,2014-12-18
230fa25,58145,Christian Borntraeger,gcc,https://gcc.gnu.org/bugzilla/show_bug.cgi?id=58145,linux,2014-12-18
1365039,22278,Christian Borntraeger,gcc,https://gcc.gnu.org/bugzilla/show_bug.cgi?id=22278,linux,2014-11-07
1365039,58145,Christian Borntraeger,gcc,https://gcc.gnu.org/bugzilla/show_bug.cgi?id=58145,linux,2014-11-07
a060dc5,10676,James Hogan,gcc,https://gcc.gnu.org/bugzilla/show_bug.cgi?id=10676,linux,2014-09-16
2062afb,61801,Linus Torvalds,gcc,https://gcc.gnu.org/bugzilla/show_bug.cgi?id=61801,linux,2014-07-27
abb43f6,10676,Mathieu Desnoyers,gcc,http://gcc.gnu.org/bugzilla/show_bug.cgi?id=10676,linux,2014-04-10
a9f1803,58670,Steven Noonan,gcc,http://gcc.gnu.org/bugzilla/show_bug.cgi?id=58670,linux,2014-02-13
f036b36,57134,Anton Blanchard,gcc,http://gcc.gnu.org/bugzilla/show_bug.cgi?id=57134,linux,2013-10-11
3f0116c,58670,Ingo Molnar,gcc,http://gcc.gnu.org/bugzilla/show_bug.cgi?id=58670,linux,2013-10-11
6833d83,10676,Christoffer Dall,gcc,http://gcc.gnu.org/bugzilla/show_bug.cgi?id=10676,linux,2013-08-31
60bc851,52080,Eric Dumazet,gcc,http://gcc.gnu.org/bugzilla/show_bug.cgi?id=52080,linux,2013-05-02
2fb0815,48880,Guenter Roeck,gcc,http://gcc.gnu.org/bugzilla/show_bug.cgi?id=48880,linux,2013-04-30
7f2de81,46453,Linus Torvalds,gcc,http://gcc.gnu.org/bugzilla/show_bug.cgi?id=46453,linux,2012-12-19
7629a9f,54983,Will Deacon,gcc,http://gcc.gnu.org/bugzilla/show_bug.cgi?id=54983,linux,2012-10-29
a9468f3,48637,Rabin Vincent,gcc,http://gcc.gnu.org/bugzilla/show_bug.cgi?id=48637,linux,2012-03-24
ba12b13,47376,Jan Engelhardt,gcc,http://gcc.gnu.org/bugzilla/show_bug.cgi?id=47376,linux,2011-01-20
45f81b1,46226,Steven Rostedt,gcc,http://gcc.gnu.org/bugzilla/show_bug.cgi?id=46226,linux,2010-10-30
f8324e2,44631,Mikael Pettersson,gcc,http://gcc.gnu.org/bugzilla/show_bug.cgi?id=44631,linux,2010-07-21
398aa66,44492,Will Deacon,gcc,http://gcc.gnu.org/bugzilla/show_bug.cgi?id=44492,linux,2010-07-09
1244829,44129,Andi Kleen,gcc,http://gcc.gnu.org/bugzilla/show_bug.cgi?id=44129,linux,2010-06-19
746357d,42109,Thomas Gleixner,gcc,http://gcc.gnu.org/bugzilla/show_bug.cgi?id=42109,linux,2009-11-20
a137802,28230,Linus Torvalds,gcc,http://gcc.gnu.org/bugzilla/show_bug.cgi?id=28230,linux,2009-07-13
aa512a2,40132,Steven Rostedt,gcc,http://gcc.gnu.org/bugzilla/show_bug.cgi?id=40132,linux,2009-05-14
f9d1425,27781,Linus Torvalds,gcc,http://gcc.gnu.org/bugzilla/show_bug.cgi?id=27781,linux,2009-01-03
4037500,27781,Ralf Baechle,gcc,http://gcc.gnu.org/bugzilla/show_bug.cgi?id=27781,linux,2007-12-15
e001548,10153,Herbert Xu,gcc,http://gcc.gnu.org/bugzilla/show_bug.cgi?id=10153,linux,2007-01-23
f940541,29413,Ralf Baechle,gcc,http://gcc.gnu.org/bugzilla/show_bug.cgi?id=29413,linux,2006-10-12
c8d5246,25572,Anton Blanchard,gcc,http://gcc.gnu.org/bugzilla/show_bug.cgi?id=25572,linux,2006-01-11
32818c2,23422,Anton Blanchard,gcc,http://gcc.gnu.org/bugzilla/show_bug.cgi?id=23422,linux,2005-08-27
d6514e0,74632,claudio,llvm issues,https://github.com/llvm/llvm-project/issues/74632,openbsd,2023-12-14
27d6422,98946,pascal,gcc,https://gcc.gnu.org/bugzilla/show_bug.cgi?id=98946,openbsd,2021-07-30
c968ca6,47921,gkoehler,llvm,https://bugs.llvm.org/show_bug.cgi?id=47921,openbsd,2020-11-20
c090f20,45274,gkoehler,llvm,https://bugs.llvm.org/show_bug.cgi?id=45274,openbsd,2020-09-11
18b70c1,34019,robert,llvm,https://bugs.llvm.org/show_bug.cgi?id=34019,openbsd,2017-09-29
cec5ac9,28322,espie,gcc,https://gcc.gnu.org/bugzilla/show_bug.cgi?id=28322,openbsd,2017-05-09
26cf605,39219,jsg,gcc,https://gcc.gnu.org/bugzilla/show_bug.cgi?id=39219,openbsd,2015-10-07
8529ddd,20218,kettenis,gcc,https://gcc.gnu.org/bugzilla/show_bug.cgi?id=20218,openbsd,2015-05-19
0ec0601,17327,fgsch,gcc,http://gcc.gnu.org/bugzilla/show_bug.cgi?id=17327,openbsd,2010-01-10
aef8050,18300,wilfried,gcc,http://gcc.gnu.org/bugzilla/show_bug.cgi?id=18300,openbsd,2006-10-31
bedc16d,95942,Timo Kreuzer,gcc,https://gcc.gnu.org/bugzilla/show_bug.cgi?id=95942,reactos,2024-04-11
4130f0b,53119,Joachim Henze,gcc,https://gcc.gnu.org/bugzilla/show_bug.cgi?id=53119,reactos,2021-06-24
2aca4b2,1180800,Timo Kreuzer,msvc,https://developercommunity.visualstudio.com/content/problem/1180800,reactos,2020-09-12
70bcd0f,746534,Timo Kreuzer,msvc,https://developercommunity.visualstudio.com/content/problem/746534,reactos,2019-11-24
1bd07ee,38054,KJK::Hyperion,gcc,http://gcc.gnu.org/bugzilla/show_bug.cgi?id=38054,reactos,2008-12-01
feee728,27067,KJK::Hyperion,gcc,http://gcc.gnu.org/bugzilla/show_bug.cgi?id=27067,reactos,2008-11-30
c086cc2,17982,KJK::Hyperion,gcc,http://gcc.gnu.org/bugzilla/show_bug.cgi?id=17982,reactos,2008-11-24
c086cc2,38054,KJK::Hyperion,gcc,http://gcc.gnu.org/bugzilla/show_bug.cgi?id=38054,reactos,2008-11-24
0cc5134,17982,KJK::Hyperion,gcc,http://gcc.gnu.org/bugzilla/show_bug.cgi?id=17982,reactos,2008-11-24
0cc5134,38054,KJK::Hyperion,gcc,http://gcc.gnu.org/bugzilla/show_bug.cgi?id=38054,reactos,2008-11-24
28d278b,10153,KJK::Hyperion,gcc,http://gcc.gnu.org/bugzilla/show_bug.cgi?id=10153,reactos,2005-05-28
b670149,10153,Filip Navara,gcc,http://gcc.gnu.org/bugzilla/show_bug.cgi?id=10153,reactos,2005-02-16
48a28cf,54018,Nico Weber,llvm issues,https://github.com/llvm/llvm-project/issues/54018,serenity,2025-01-02
a06c27c,115664,Daniel Bertalan,gcc,https://gcc.gnu.org/bugzilla/show_bug.cgi?id=115664,serenity,2024-07-23
56b7f9e,64706,Dan Klishch,llvm issues,https://github.com/llvm/llvm-project/issues/64706,serenity,2024-07-13
637ccac,51182,Daniel Bertalan,llvm issues,https://github.com/llvm/llvm-project/issues/51182,serenity,2024-05-30
cc92c3f,97202,Daniel Bertalan,gcc,https://gcc.gnu.org/bugzilla/show_bug.cgi?id=97202,serenity,2024-04-21
cc92c3f,114784,Daniel Bertalan,gcc,https://gcc.gnu.org/bugzilla/show_bug.cgi?id=114784,serenity,2024-04-21
3b84b03,111632,Andrew Kaster,gcc,https://gcc.gnu.org/bugzilla/show_bug.cgi?id=111632,serenity,2024-04-17
6f972c1,67260,Daniel Bertalan,llvm issues,https://github.com/llvm/llvm-project/issues/67260,serenity,2023-11-06
8df5bd5,109727,Daniel Bertalan,gcc,https://gcc.gnu.org/bugzilla/show_bug.cgi?id=109727,serenity,2023-05-15
00b4976,109683,Daniel Bertalan,gcc,https://gcc.gnu.org/bugzilla/show_bug.cgi?id=109683,serenity,2023-05-02
0016f63,61775,Daniel Bertalan,llvm issues,https://github.com/llvm/llvm-project/issues/61775,serenity,2023-03-30
fd3e3d5,102725,Daniel Bertalan,gcc,https://gcc.gnu.org/bugzilla/show_bug.cgi?id=102725,serenity,2022-05-12
1faffc2,39634,Daniel Bertalan,llvm,https://bugs.llvm.org/show_bug.cgi?id=39634,serenity,2021-10-18
7fb41d6,88144,Daniel Bertalan,gcc,https://gcc.gnu.org/bugzilla/show_bug.cgi?id=88144,serenity,2021-08-08
d4e48d5,92875,Alberto Escolar Piedras,gcc,https://gcc.gnu.org/bugzilla/show_bug.cgi?id=92875,zephyr,2023-08-14
8027072,48983,Reto Schneider,llvm issues,https://github.com/llvm/llvm-project/issues/48983,zephyr,2022-08-02
0b09ca8,11740,Daniel Leung,llvm,https://bugs.llvm.org/show_bug.cgi?id=11740,zephyr,2022-02-02
deeb98d,11740,Daniel Leung,llvm,https://bugs.llvm.org/show_bug.cgi?id=11740,zephyr,2022-01-26
9602c65,10676,Daniel Leung,gcc,https://gcc.gnu.org/bugzilla/show_bug.cgi?id=10676,zephyr,2019-12-13
5f353e0,49653,Daniel Leung,gcc,https://gcc.gnu.org/bugzilla/show_bug.cgi?id=49653,zephyr,2016-02-06
03066f2,49653,Daniel Leung,gcc,https://gcc.gnu.org/bugzilla/show_bug.cgi?id=49653,zephyr,2016-02-06
ed9cdac,49653,Daniel Leung,gcc,https://gcc.gnu.org/bugzilla/show_bug.cgi?id=49653,zephyr,2016-02-06
94718c7,49653,Daniel Leung,gcc,https://gcc.gnu.org/bugzilla/show_bug.cgi?id=49653,zephyr,2016-02-06
